AR_Ref,2022-12,2023-01,2023-02,2023-03,2023-04,2023-05,2023-06,2023-07,2023-08,2023-09,2023-10,2023-11,2023-12,2024-01,2024-02,2024-03,2024-04,2024-05,2024-06,2024-07,2024-08,2024-09,2024-10,2024-11,2024-12,2025-01,2025-02,2025-03,2025-04,2025-05,2025-06,2025-07,2025-08
10000721,-0.2507945502750536,-0.33791262220707874,-0.2793287343675633,-0.1648451397996664,-0.23587685712163675,-0.24079618241379983,-0.2605444049415741,-0.26630085246396296,-0.2774130121649823,-0.31769570787507234,-0.2695336321290104,-0.2732729830558234,-0.31375761327413776,-0.3186235758103173,-0.32178099598155696,-0.39722492882085164,-0.32848166148480995,-0.36111842552893014,0.7470666905954286,0.15983170246692452,-0.011723600055248164,-0.2752422166792677,0.5482553607726339,0.6713965983460801,0.0,0.0,0.0,0.0,0.0,0.0,0.0,0.0,-0.0873704056661039
1000589,-0.2507945502750536,-0.33791262220707874,-0.2793287343675633,-0.1648451397996664,-0.23587685712163675,-0.24079618241379983,-0.2605444049415741,-0.26630085246396296,-0.2774130121649823,-0.31769570787507234,-0.2695336321290104,-0.2732729830558234,0.6719366902160913,-0.2518687291899886,0.04111946526245196,0.15594731302467416,1.5887446033607897,0.27515410666636414,1.8093194614568275,-0.3194419410512705,0.20042993718724428,0.3350170493762957,-0.14157763889911357,0.47785574640176126,0.0,0.0,0.0,0.0,0.0,0.0,0.0,0.0,-0.0873704056661039
1000591,-0.2507945502750536,-0.33791262220707874,-0.2793287343675633,-0.1648451397996664,-0.23587685712163675,-0.24079618241379983,-0.2605444049415741,-0.26630085246396296,-0.2774130121649823,-0.31769570787507234,-0.2695336321290104,-0.2732729830558234,0.6822125599065335,-0.2651433693332307,0.04111946526245196,0.15594731302467416,0.6360814834840626,0.7413705844208245,0.8436351243101013,0.2891895446640318,-0.2966696485942068,0.3982173774533624,-0.1412061617856662,0.43406577710709693,0.0,0.0,0.0,0.0,0.0,0.0,0.0,0.0,-0.0873704056661039
1000634,-0.2507945502750536,-0.33791262220707874,-0.2793287343675633,-0.1648451397996664,-0.23587685712163675,-0.24079618241379983,-0.2605444049415741,-0.26630085246396296,-0.2774130121649823,-0.31769570787507234,-0.2695336321290104,-0.2732729830558234,0.7192056907921255,-0.044489811877233484,0.08852212941855213,0.31389031502960735,0.9606877234975761,1.1291312496192478,-0.3717139439038274,1.2470745901874674,0.22093358646328948,0.16363947262743994,0.9899416486615448,1.6932057979073039,0.0,0.0,0.0,0.0,0.0,0.0,0.0,0.0,-0.0873704056661039
1000664,-0.2507945502750536,-0.33791262220707874,-0.2793287343675633,-0.1648451397996664,-0.23587685712163675,-0.24079618241379983,-0.2605444049415741,-0.26630085246396296,-0.2774130121649823,-0.31769570787507234,-0.2695336321290104,-0.2732729830558234,1.3505551245728966,0.0870494269671616,0.5274576500024247,0.6998743363435338,3.6474489443018925,0.9315540462713223,2.5669498560475517,0.4626337504378227,0.710401258347546,1.3435081740907158,0.5768590985080806,1.5017841642300849,0.0,0.0,0.0,0.0,0.0,0.0,0.0,0.0,-0.0873704056661039
1000723,-0.2507945502750536,-0.33791262220707874,-0.2793287343675633,-0.1648451397996664,-0.23587685712163675,-0.24079618241379983,-0.2605444049415741,-0.26630085246396296,-0.2774130121649823,-0.31769570787507234,-0.2695336321290104,-0.2732729830558234,0.6497079289017266,-0.31696424579241206,0.13197672017301906,0.49497332857190873,1.2152160379684576,1.5513960418056665,2.511207101626887,-0.2839647171429951,0.3503343952276635,1.795216040408401,1.0137161839221758,1.6196386494922679,0.0,0.0,0.0,0.0,0.0,0.0,0.0,0.0,-0.0873704056661039
1000724,-0.2507945502750536,-0.33791262220707874,-0.2793287343675633,-0.1648451397996664,-0.23587685712163675,-0.24079618241379983,-0.2605444049415741,-0.26630085246396296,-0.2774130121649823,-0.31769570787507234,-0.2695336321290104,-0.2732729830558234,0.11330753106064169,-0.318208743305841,0.0868848875507728,0.16827427106022905,-0.32848166148480995,0.9541460341801288,-0.05767025702684325,1.0484376135250335,0.25875142846132837,0.04030577717937771,0.12439997432919618,0.21890024896788213,0.0,0.0,0.0,0.0,0.0,0.0,0.0,0.0,-0.0873704056661039
1000793,-0.2507945502750536,-0.33791262220707874,-0.2793287343675633,-0.1648451397996664,-0.23587685712163675,-0.24079618241379983,-0.2605444049415741,-0.26630085246396296,-0.2774130121649823,-0.31769570787507234,-0.2695336321290104,-0.2732729830558234,-0.31375761327413776,-0.3186235758103173,-0.32178099598155696,-0.39722492882085164,-0.32848166148480995,-0.36111842552893014,-0.3717139439038274,0.31601426785245557,0.015500689816834057,-0.02247192293692827,0.05976295658935554,0.3437827539934063,0.0,0.0,0.0,0.0,0.0,0.0,0.0,0.0,-0.0873704056661039
100719,-0.2507945502750536,-0.33791262220707874,-0.2793287343675633,-0.1648451397996664,-0.23587685712163675,-0.24079618241379983,-0.2605444049415741,-0.26630085246396296,-0.2774130121649823,-0.31769570787507234,-0.2695336321290104,-0.2732729830558234,0.10142451535061424,-0.3182460782312439,0.06754738517542595,0.14522285953374145,0.3245851044470621,0.9640043561766989,0.19984556621228375,-0.09708252733550306,-0.2132881415382897,-0.12909824331234754,-0.12671855436121915,-0.42708829683319616,0.0,0.0,0.0,0.0,0.0,0.0,0.0,0.0,-0.0873704056661039
100720,-0.2507945502750536,-0.33791262220707874,-0.2793287343675633,-0.1648451397996664,-0.23587685712163675,-0.24079618241379983,-0.2605444049415741,-0.26630085246396296,-0.2774130121649823,-0.31769570787507234,-0.2695336321290104,-0.2732729830558234,-0.31375761327413776,-0.3186235758103173,-0.32178099598155696,-0.39722492882085164,-0.32848166148480995,-0.11466037561467798,-0.05767025702684325,0.16227963091659556,-0.03422293786082842,-0.16515732620294388,0.23398572279616736,-0.24494905541263623,0.0,0.0,0.0,0.0,0.0,0.0,0.0,0.0,-0.0873704056661039
100721,-0.2507945502750536,-0.33791262220707874,-0.2793287343675633,-0.1648451397996664,-0.23587685712163675,-0.24079618241379983,-0.2605444049415741,-0.26630085246396296,-0.2774130121649823,-0.31769570787507234,-0.2695336321290104,-0.2732729830558234,-0.31375761327413776,-0.3186235758103173,-0.32178099598155696,-0.39722492882085164,-0.32848166148480995,-0.36111842552893014,0.5343020927362718,0.23991562256920487,0.029110556569622276,0.14696699344146527,0.4482982990862183,1.0336099246105874,0.0,0.0,0.0,0.0,0.0,0.0,0.0,0.0,-0.0873704056661039
180000713,-0.2507945502750536,-0.33791262220707874,-0.2793287343675633,-0.1648451397996664,-0.23587685712163675,-0.24079618241379983,-0.2605444049415741,-0.26630085246396296,-0.2774130121649823,-0.31769570787507234,-0.2695336321290104,-0.2732729830558234,-0.31375761327413776,-0.3186235758103173,-0.32178099598155696,-0.39722492882085164,-0.32848166148480995,-0.36111842552893014,-0.3717139439038274,0.38221870957906506,0.11750406678190597,0.1105201784767765,0.8082893401857858,0.36973236542728144,0.0,0.0,0.0,0.0,0.0,0.0,0.0,0.0,-0.0873704056661039
180000714,-0.2507945502750536,-0.33791262220707874,-0.2793287343675633,-0.1648451397996664,-0.23587685712163675,-0.24079618241379983,-0.2605444049415741,-0.26630085246396296,-0.2774130121649823,-0.31769570787507234,-0.2695336321290104,-0.2732729830558234,-0.31375761327413776,-0.3186235758103173,-0.32178099598155696,-0.39722492882085164,-0.32848166148480995,-0.36111842552893014,-0.3717139439038274,0.27972895162182504,0.03822328958119792,0.02483139010234865,0.6076916989242115,0.6059819528565198,0.0,0.0,0.0,0.0,0.0,0.0,0.0,0.0,-0.0873704056661039
180000715,-0.2507945502750536,-0.33791262220707874,-0.2793287343675633,-0.1648451397996664,-0.23587685712163675,-0.24079618241379983,-0.2605444049415741,-0.26630085246396296,-0.2774130121649823,-0.31769570787507234,-0.2695336321290104,-0.2732729830558234,-0.31375761327413776,-0.3186235758103173,-0.32178099598155696,-0.39722492882085164,-0.32848166148480995,-0.36111842552893014,-0.3717139439038274,0.2789405688683078,0.0537149357008765,0.0771752201048272,0.7432808453324978,0.6476094545316945,0.0,0.0,0.0,0.0,0.0,0.0,0.0,0.0,-0.0873704056661039
180000716,-0.2507945502750536,-0.33791262220707874,-0.2793287343675633,-0.1648451397996664,-0.23587685712163675,-0.24079618241379983,-0.2605444049415741,-0.26630085246396296,-0.2774130121649823,-0.31769570787507234,-0.2695336321290104,-0.2732729830558234,-0.31375761327413776,-0.3186235758103173,-0.32178099598155696,-0.39722492882085164,-0.32848166148480995,-0.36111842552893014,-0.3717139439038274,-0.384483518216442,-0.11760444491674552,0.1081937860322219,-0.01564689744045853,0.6405814347683534,0.0,0.0,0.0,0.0,0.0,0.0,0.0,0.0,-0.0873704056661039
180000717,-0.2507945502750536,-0.33791262220707874,-0.2793287343675633,-0.1648451397996664,-0.23587685712163675,-0.24079618241379983,-0.2605444049415741,-0.26630085246396296,-0.2774130121649823,-0.31769570787507234,-0.2695336321290104,-0.2732729830558234,-0.31375761327413776,-0.3186235758103173,-0.32178099598155696,-0.39722492882085164,-0.32848166148480995,-0.36111842552893014,-0.3717139439038274,-0.384483518216442,-0.1203382648202182,0.11594842751407058,-0.035335184453168605,0.5919259133298375,0.0,0.0,0.0,0.0,0.0,0.0,0.0,0.0,-0.0873704056661039
180000720,-0.2507945502750536,-0.33791262220707874,-0.2793287343675633,-0.1648451397996664,-0.23587685712163675,-0.24079618241379983,-0.2605444049415741,-0.26630085246396296,-0.2774130121649823,-0.31769570787507234,-0.2695336321290104,-0.2732729830558234,-0.31375761327413776,-0.3186235758103173,-0.32178099598155696,-0.39722492882085164,-0.32848166148480995,-0.36111842552893014,-0.3717139439038274,-0.384483518216442,-0.13400736433758165,-0.30008808798711084,-0.2897970071646102,0.29134291422078357,0.0,0.0,0.0,0.0,0.0,0.0,0.0,0.0,-0.0873704056661039
7006,-0.2507945502750536,-0.33791262220707874,-0.2793287343675633,-0.1648451397996664,-0.23587685712163675,-0.24079618241379983,-0.2605444049415741,-0.26630085246396296,-0.2774130121649823,-0.31769570787507234,-0.2695336321290104,-0.2732729830558234,-0.31375761327413776,-0.3186235758103173,-0.32178099598155696,-0.39722492882085164,-0.15659241015382513,0.12549656349009972,0.16216032378704565,-0.0651885030419635,0.8916307361152566,-0.33033118976632064,0.3996645153936899,-0.3017138304242381,0.0,0.0,0.0,0.0,0.0,0.0,0.0,0.0,-0.0873704056661039
DAGHO200,-0.2507945502750536,-0.33791262220707874,-0.2793287343675633,-0.1648451397996664,-0.23587685712163675,-0.24079618241379983,-0.2605444049415741,-0.26630085246396296,-0.2774130121649823,-0.31769570787507234,-0.2695336321290104,-0.2732729830558234,-0.31375761327413776,-0.3186235758103173,-0.32178099598155696,-0.39722492882085164,-0.32848166148480995,-0.36111842552893014,-0.35208621347401586,-0.3629370175628161,-0.37268351101026503,-0.3939192499174798,-0.4012401411988182,-0.39415932115741836,0.0,0.0,0.0,0.0,0.0,0.0,0.0,0.0,-0.0873704056661039
DAHO100,-0.2507945502750536,-0.33791262220707874,-0.2793287343675633,-0.1648451397996664,-0.23587685712163675,-0.24079618241379983,-0.2605444049415741,-0.26630085246396296,-0.2774130121649823,-0.31769570787507234,-0.2695336321290104,-0.2732729830558234,-0.31375761327413776,-0.3186235758103173,-0.32178099598155696,-0.39722492882085164,-0.32848166148480995,-0.36111842552893014,-0.31901741324586946,-0.3454585719173391,-0.32645917280904757,-0.36056653690404866,-0.39660410682299513,-0.31527250239843785,0.0,0.0,0.0,0.0,0.0,0.0,0.0,0.0,-0.0873704056661039
DAKD-200,-0.2507945502750536,-0.33791262220707874,-0.2793287343675633,-0.1648451397996664,-0.23587685712163675,-0.24079618241379983,-0.2605444049415741,-0.26630085246396296,-0.2774130121649823,-0.31769570787507234,-0.2695336321290104,-0.2732729830558234,-0.31375761327413776,-0.3186235758103173,-0.32178099598155696,-0.39722492882085164,-0.32120942392849905,-0.3438335009616106,-0.37119577182048036,-0.3800488652279076,-0.384493612993267,-0.38847549159722206,-0.40346900387950235,-0.4157839973523143,0.0,0.0,0.0,0.0,0.0,0.0,0.0,0.0,-0.0873704056661039
DAKS-200,-0.2507945502750536,-0.33791262220707874,-0.2793287343675633,-0.1648451397996664,-0.23587685712163675,-0.24079618241379983,-0.2605444049415741,-0.26630085246396296,-0.2774130121649823,-0.31769570787507234,-0.2695336321290104,-0.2732729830558234,-0.31375761327413776,-0.3186235758103173,-0.32178099598155696,-0.39722492882085164,-0.32120942392849905,-0.3429257138110931,-0.37103089888486995,-0.3805416044488559,-0.3836962488547542,-0.3887662906527914,-0.40346900387950235,-0.4179464649718039,0.0,0.0,0.0,0.0,0.0,0.0,0.0,0.0,-0.0873704056661039
HBB1.1,-0.2507945502750536,-0.33791262220707874,-0.2793287343675633,-0.1648451397996664,-0.23587685712163675,-0.24079618241379983,-0.2605444049415741,-0.26630085246396296,-0.2774130121649823,-0.31769570787507234,-0.2695336321290104,-0.2732729830558234,-0.31375761327413776,-0.3186235758103173,-0.32178099598155696,-0.39722492882085164,-0.32848166148480995,-0.36111842552893014,-0.3316733738270119,-0.37590985577194214,-0.3759504257949149,-0.36787528650069107,-0.3871240108878185,-0.40875597758897314,0.0,0.0,0.0,0.0,0.0,0.0,0.0,0.0,-0.0873704056661039
HDB4.5,-0.2507945502750536,-0.33791262220707874,-0.2793287343675633,-0.1648451397996664,-0.23587685712163675,-0.24079618241379983,-0.2605444049415741,-0.26630085246396296,-0.2774130121649823,-0.31769570787507234,-0.2695336321290104,-0.2732729830558234,-0.31375761327413776,-0.3186235758103173,-0.32178099598155696,-0.39722492882085164,-0.32848166148480995,-0.36111842552893014,-0.3277478277410496,-0.33057784744470137,-0.3267416675324064,-0.37524219590844726,-0.37820856016508186,-0.3709127942479052,0.0,0.0,0.0,0.0,0.0,0.0,0.0,0.0,-0.0873704056661039
HDB4.5-200,-0.2507945502750536,-0.33791262220707874,-0.2793287343675633,-0.1648451397996664,-0.23587685712163675,-0.24079618241379983,-0.2605444049415741,-0.26630085246396296,-0.2774130121649823,-0.31769570787507234,-0.2695336321290104,-0.2732729830558234,-0.31375761327413776,-0.3186235758103173,-0.32178099598155696,-0.39722492882085164,-0.32848166148480995,-0.36111842552893014,-0.3534601546041027,-0.3615218705202527,-0.36866023938565434,-0.37375718206467323,-0.4012401411988182,-0.3956460176458174,0.0,0.0,0.0,0.0,0.0,0.0,0.0,0.0,-0.0873704056661039
HERB115,-0.2507945502750536,-0.33791262220707874,-0.2793287343675633,-0.1648451397996664,-0.23587685712163675,-0.24079618241379983,-0.2605444049415741,-0.26630085246396296,-0.2774130121649823,-0.31769570787507234,-0.2695336321290104,-0.2732729830558234,-0.31375761327413776,-0.3186235758103173,-0.32178099598155696,-0.39722492882085164,-0.3079871738261156,-0.3502824866010335,-0.37099949451618225,-0.3833127698274689,-0.3294754874358791,-0.33071116719893123,-0.38192333129955547,-0.3504126012151438,0.0,0.0,0.0,0.0,0.0,0.0,0.0,0.0,-0.0873704056661039
HERB50,-0.2507945502750536,-0.33791262220707874,-0.2793287343675633,-0.1648451397996664,-0.23587685712163675,-0.24079618241379983,-0.2605444049415741,-0.26630085246396296,-0.2774130121649823,-0.31769570787507234,-0.2695336321290104,-0.2732729830558234,-0.31375761327413776,-0.3186235758103173,-0.32178099598155696,-0.39722492882085164,-0.29542603622885133,-0.33811567420359995,-0.37031644949722486,-0.3822445111964531,-0.3353987638934033,-0.2582052693436461,-0.3766297824329306,-0.363884774484564,0.0,0.0,0.0,0.0,0.0,0.0,0.0,0.0,-0.0873704056661039
HMO5.5,-0.2507945502750536,-0.33791262220707874,-0.2793287343675633,-0.1648451397996664,-0.23587685712163675,-0.24079618241379983,-0.2605444049415741,-0.26630085246396296,-0.2774130121649823,-0.31769570787507234,-0.2695336321290104,-0.2732729830558234,-0.31375761327413776,-0.3186235758103173,-0.32178099598155696,-0.39722492882085164,-0.32848166148480995,-0.36111842552893014,-0.34345001208489884,-0.37630404714870075,-0.38096242895128146,-0.36554889405613644,-0.399011278518134,-0.4163246142571867,0.0,0.0,0.0,0.0,0.0,0.0,0.0,0.0,-0.0873704056661039
HNB1.0-200,-0.2507945502750536,-0.33791262220707874,-0.2793287343675633,-0.1648451397996664,-0.23587685712163675,-0.24079618241379983,-0.2605444049415741,-0.26630085246396296,-0.2774130121649823,-0.31769570787507234,-0.2695336321290104,-0.2732729830558234,-0.31375761327413776,-0.3186235758103173,-0.32178099598155696,-0.39722492882085164,-0.32848166148480995,-0.36111842552893014,-0.3536564319084008,-0.3485135550872184,-0.36045877967523626,-0.33456522401541,-0.3934391218164236,-0.3706911413169075,0.0,0.0,0.0,0.0,0.0,0.0,0.0,0.0,-0.0873704056661039
HNB1.0-60,-0.2507945502750536,-0.33791262220707874,-0.2793287343675633,-0.1648451397996664,-0.23587685712163675,-0.24079618241379983,-0.2605444049415741,-0.26630085246396296,-0.2774130121649823,-0.31769570787507234,-0.2695336321290104,-0.2732729830558234,-0.31375761327413776,-0.3186235758103173,-0.32178099598155696,-0.39722492882085164,-0.32848166148480995,-0.36111842552893014,-0.3145972483530759,-0.06765219914670484,-0.07568587306349757,-0.2673402370092639,-0.3774656059381871,-0.07627658109244774,0.0,0.0,0.0,0.0,0.0,0.0,0.0,0.0,-0.0873704056661039
HNB4-60,-0.2507945502750536,-0.33791262220707874,-0.2793287343675633,-0.1648451397996664,-0.23587685712163675,-0.24079618241379983,-0.2605444049415741,-0.26630085246396296,-0.2774130121649823,-0.31769570787507234,-0.2695336321290104,-0.2732729830558234,-0.31375761327413776,-0.3186235758103173,-0.32178099598155696,-0.39722492882085164,-0.32848166148480995,-0.36111842552893014,-0.30792382000694,-0.21113786028684087,-0.14129755074684217,-0.2845128905708178,-0.33994641748000376,-0.2000778523082271,0.0,0.0,0.0,0.0,0.0,0.0,0.0,0.0,-0.0873704056661039
HNBA4-200,-0.2507945502750536,-0.33791262220707874,-0.2793287343675633,-0.1648451397996664,-0.23587685712163675,-0.24079618241379983,-0.2605444049415741,-0.26630085246396296,-0.2774130121649823,-0.31769570787507234,-0.2695336321290104,-0.2732729830558234,-0.31375761327413776,-0.3186235758103173,-0.32178099598155696,-0.39722492882085164,-0.32848166148480995,-0.36111842552893014,-0.34816066738805357,-0.20906835555885814,-0.3572693231211848,-0.3617374877678078,-0.4001257098584761,-0.4011873409207595,0.0,0.0,0.0,0.0,0.0,0.0,0.0,0.0,-0.0873704056661039
M0004,-0.2507945502750536,-0.33791262220707874,-0.2793287343675633,-0.1648451397996664,-0.23587685712163675,-0.24079618241379983,-0.2605444049415741,-0.26630085246396296,-0.2774130121649823,-0.31769570787507234,-0.2695336321290104,-0.2732729830558234,-0.31375761327413776,-0.3186235758103173,-0.32178099598155696,-0.37295623018835294,-0.2458425983449134,-0.34468788886798,-0.35208621347401586,-0.3765996906812697,0.1493986323224207,-0.24658106176235497,-0.13637695931085053,0.42920022496324534,0.0,0.0,0.0,0.0,0.0,0.0,0.0,0.0,-0.0873704056661039
M0005,-0.2507945502750536,-0.33791262220707874,-0.2793287343675633,-0.1648451397996664,-0.23587685712163675,-0.24079618241379983,-0.2605444049415741,-0.26630085246396296,-0.2774130121649823,-0.31769570787507234,-0.2695336321290104,-0.2732729830558234,-0.31375761327413776,-0.3186235758103173,-0.32178099598155696,-0.3675631860477977,-0.24253703581931754,-0.30812994479736594,-0.34816066738805357,-0.384483518216442,0.7239564487022648,-0.17136103938842281,0.03227365019425091,0.7546516016964295,0.0,0.0,0.0,0.0,0.0,0.0,0.0,0.0,-0.0873704056661039
MFRF001,-0.2507945502750536,-0.33791262220707874,0.06826207954282053,0.24162347949380747,-0.23587685712163675,-0.16303387113019102,-0.21521689854685286,-0.20420287139233723,-0.17257431846224322,-0.25630930986150147,-0.2172626188265519,-0.12620408065568126,-0.27306516929998653,-0.18172884933313307,-0.09198700942118541,-0.39722492882085164,-0.32848166148480995,-0.3553677376975976,-0.3717139439038274,-0.384483518216442,-0.39007516196285713,-0.386940072583816,-0.40606934367363384,-0.4298400368789967,0.0,0.0,0.0,0.0,0.0,0.0,0.0,0.0,-0.0873704056661039
MHCH001,-0.2507945502750536,-0.33791262220707874,-0.019246286453685285,0.44347549982057777,0.05702922421845162,-0.11719479705434743,-0.1394318260496787,-0.14536757932619604,-0.157676927299037,-0.291177686674357,-0.07783639225420576,-0.27286711108491396,-0.31375761327413776,-0.3186235758103173,-0.3190672998148833,0.11310728167673478,-0.24666898897631237,-0.3183579538688074,-0.2787962680490997,-0.3104859129713147,-0.2824947923947009,-0.2962572950950776,-0.17268513237919547,-0.3587056645358865,0.0,0.0,0.0,0.0,0.0,0.0,0.0,0.0,-0.0873704056661039
MHCH003,-0.2507945502750536,-0.33791262220707874,4.880761009686007,10.98746509369129,6.551352163160167,7.521238803073213,6.197548728029328,4.86148574451157,5.8048786877806435,6.381280037291036,4.107014439800429,3.2157314029199133,4.784339740331076,5.834574518111743,5.855393985716298,5.8274189138592645,5.255043167374928,7.590448006806222,5.343606369031266,6.587878947959528,7.351998008242172,6.030762444586739,5.796391150278573,5.4757509085661145,0.0,0.0,0.0,0.0,0.0,0.0,0.0,0.0,-0.0873704056661039
MHCH009,-0.2507945502750536,-0.33791262220707874,-0.2793287343675633,-0.1648451397996664,-0.184443156470743,-0.1896855470032651,-0.20899066190457796,-0.23791902111516092,-0.2067966634780659,-0.20347187051246762,-0.19144542924351068,-0.1592802588026223,-0.21377340118613478,-0.15922833429033767,-0.18691158566470045,-0.33072869456780524,-0.32848166148480995,-0.36111842552893014,-0.3717139439038274,-0.384483518216442,-0.39007516196285713,-0.3962456423620344,-0.40606934367363384,-0.4298400368789967,0.0,0.0,0.0,0.0,0.0,0.0,0.0,0.0,-0.0873704056661039
MHCH013,-0.2507945502750536,-0.33791262220707874,-0.1388165698765899,-0.12936341748039376,-0.19522988843773928,-0.18777765773805097,-0.21301977358410873,-0.18217844810570405,-0.2268002606604546,-0.1619773736787355,-0.08699387170007879,-0.17589713478809293,-0.09135080004208211,-0.23203973547602064,-0.21011336559805413,-0.32842124211052476,-0.32848166148480995,-0.36111842552893014,-0.3717139439038274,-0.384483518216442,-0.39007516196285713,-0.3962456423620344,-0.40606934367363384,-0.4298400368789967,0.0,0.0,0.0,0.0,0.0,0.0,0.0,0.0,-0.0873704056661039
MHCH014,-0.2507945502750536,-0.33791262220707874,-0.17040020616929716,-0.16213611941214331,-0.2270120993463067,-0.22393261142031956,-0.2366845092143528,-0.24736605823556562,-0.2013862380351924,-0.30057070831158056,-0.1501613808525113,-0.2672947276725449,-0.24608484584076137,-0.24423166278257963,-0.26751996431633374,-0.3175080320746726,-0.32848166148480995,-0.36111842552893014,-0.3717139439038274,-0.384483518216442,-0.39007516196285713,-0.3962456423620344,-0.40606934367363384,-0.4298400368789967,0.0,0.0,0.0,0.0,0.0,0.0,0.0,0.0,-0.0873704056661039
MHCH016,-0.2507945502750536,-0.33791262220707874,0.1526872403739214,0.17306904067977,-0.04945232420462128,-0.1810231872114398,-0.23427963318063288,-0.22659377456726196,-0.16234786552740013,-0.23295088267619052,-0.1644387390372405,-0.19901751223684255,-0.27722484135067754,-0.3186235758103173,-0.23245140375864226,-0.39722492882085164,-0.32848166148480995,-0.24972349460185342,-0.3717139439038274,-0.384483518216442,-0.39007516196285713,-0.2833380623863177,-0.40606934367363384,-0.4298400368789967,0.0,0.0,0.0,0.0,0.0,0.0,0.0,0.0,-0.0873704056661039
MIS120,-0.2507945502750536,-0.33791262220707874,-0.2793287343675633,-0.1648451397996664,-0.23587685712163675,-0.24079618241379983,-0.2605444049415741,-0.26630085246396296,-0.2774130121649823,-0.31769570787507234,-0.2695336321290104,-0.2732729830558234,-0.31375761327413776,-0.3186235758103173,-0.32178099598155696,-0.39722492882085164,-0.32848166148480995,-0.36111842552893014,-0.2320979718104922,-0.1645247299851346,-0.2743434527158465,-0.24671289066754643,-0.3997839509141045,0.1221298229957227,0.0,0.0,0.0,0.0,0.0,0.0,0.0,0.0,-0.0873704056661039
MIS30,-0.2507945502750536,-0.33791262220707874,-0.2793287343675633,-0.1648451397996664,-0.23587685712163675,-0.24079618241379983,-0.2605444049415741,-0.26630085246396296,-0.2774130121649823,-0.31769570787507234,-0.2695336321290104,-0.2732729830558234,-0.31375761327413776,-0.3186235758103173,-0.32178099598155696,-0.39722492882085164,-0.32848166148480995,-0.36111842552893014,-0.3717139439038274,-0.384483518216442,-0.3322093073393518,-0.2562743636146658,-0.39492503027021303,-0.24170535398340182,0.0,0.0,0.0,0.0,0.0,0.0,0.0,0.0,-0.0873704056661039
MISCHAR120,-0.2507945502750536,-0.33791262220707874,-0.2793287343675633,-0.1648451397996664,-0.23587685712163675,-0.24079618241379983,-0.2605444049415741,-0.26630085246396296,-0.2774130121649823,-0.31769570787507234,-0.2695336321290104,-0.2732729830558234,-0.31375761327413776,-0.3186235758103173,-0.32178099598155696,-0.39722492882085164,-0.32848166148480995,-0.36111842552893014,-0.3717139439038274,-0.384483518216442,-0.3563580498200272,-0.33731036709998446,-0.3748355479749798,-0.35077481454140835,0.0,0.0,0.0,0.0,0.0,0.0,0.0,0.0,-0.0873704056661039
MISCLOVE120,-0.2507945502750536,-0.33791262220707874,-0.2793287343675633,-0.1648451397996664,-0.23587685712163675,-0.24079618241379983,-0.2605444049415741,-0.26630085246396296,-0.2774130121649823,-0.31769570787507234,-0.2695336321290104,-0.2732729830558234,-0.31375761327413776,-0.3186235758103173,-0.32178099598155696,-0.39722492882085164,-0.32848166148480995,-0.36111842552893014,-0.3717139439038274,-0.384483518216442,-0.36182568962697265,-0.32871822433809617,-0.3789217962229008,-0.35036935186275403,0.0,0.0,0.0,0.0,0.0,0.0,0.0,0.0,-0.0873704056661039
MIST120,-0.2507945502750536,-0.33791262220707874,-0.2793287343675633,-0.1648451397996664,-0.23587685712163675,-0.24079618241379983,-0.2605444049415741,-0.26630085246396296,-0.2774130121649823,-0.31769570787507234,-0.2695336321290104,-0.2732729830558234,-0.31375761327413776,-0.3186235758103173,-0.32178099598155696,-0.39722492882085164,-0.32848166148480995,-0.36111842552893014,-0.12297564171291211,0.26841565910885284,-0.10894734855574865,-0.026733098431204118,-0.1591002143404255,0.20754729396556174,0.0,0.0,0.0,0.0,0.0,0.0,0.0,0.0,-0.0873704056661039
MIST50,-0.2507945502750536,-0.33791262220707874,-0.2793287343675633,-0.1648451397996664,-0.23587685712163675,-0.24079618241379983,-0.2605444049415741,-0.26630085246396296,-0.2774130121649823,-0.31769570787507234,-0.2695336321290104,-0.2732729830558234,-0.31375761327413776,-0.3186235758103173,-0.32178099598155696,-0.39722492882085164,-0.32848166148480995,-0.36111842552893014,-0.2383945477323757,-0.22720115888975445,-0.2467774353558302,-0.3047369955554791,-0.36892163232889785,-0.007077617268780664,0.0,0.0,0.0,0.0,0.0,0.0,0.0,0.0,-0.0873704056661039
MJTM002,-0.2507945502750536,-0.33791262220707874,0.7942415960795162,1.441899519904337,3.8699056914522805,2.553221746264703,2.384819232150351,1.7187985424486634,2.3482346292295104,1.2936972399811628,0.939736156387481,2.0788744624737236,5.568150197535,2.817510158030631,2.1437505568751645,2.0943614641156807,1.2932273135725199,0.9500384000148913,-0.3018392235736984,0.608878751215269,0.27971071438795236,0.19116844988800272,-0.40606934367363384,-0.4298400368789967,0.0,0.0,0.0,0.0,0.0,0.0,0.0,0.0,-0.0873704056661039
MJTM003,-0.2507945502750536,-0.33791262220707874,-0.2793287343675633,-0.1648451397996664,-0.23587685712163675,-0.24079618241379983,-0.2605444049415741,-0.26630085246396296,-0.2774130121649823,-0.31769570787507234,-0.2695336321290104,-0.2732729830558234,-0.31375761327413776,-0.0655757480797646,0.9080841550905016,-0.008925750700872525,-0.13014790994905825,-0.24774772256837416,-0.301054114356506,-0.24730491910444383,-0.28801255223320993,0.07562429180845746,-0.33548869211863547,-0.3379351630506888,0.0,0.0,0.0,0.0,0.0,0.0,0.0,0.0,-0.0873704056661039
MKT0010,-0.2507945502750536,-0.33791262220707874,0.2262827498207192,-0.07639640196257189,-0.10983434672613489,0.069348849798733,-0.10693452215946325,0.9456277781224378,0.04131533788664862,-0.0874967153241816,-0.1425418754518837,-0.19544106392847546,-0.30635898709701936,-0.3186235758103173,-0.32016953745027804,-0.39722492882085164,-0.32848166148480995,-0.36111842552893014,-0.3717139439038274,-0.384483518216442,0.33712093236087887,0.529270818496605,-0.40606934367363384,-0.4298400368789967,0.0,0.0,0.0,0.0,0.0,0.0,0.0,0.0,-0.0873704056661039
MRIZ001,-0.2507945502750536,-0.33791262220707874,-0.2793287343675633,-0.1648451397996664,-0.23587685712163675,-0.24079618241379983,-0.2605444049415741,-0.26630085246396296,-0.2774130121649823,-0.31769570787507234,-0.2695336321290104,-0.2732729830558234,-0.31375761327413776,-0.3186235758103173,-0.32178099598155696,-0.39722492882085164,-0.32848166148480995,-0.16805961976276595,-0.02626588833914484,-0.21852894860106492,-0.2638638097525345,-0.3078427294689595,-0.3425467572741353,-0.28873902470730056,0.0,0.0,0.0,0.0,0.0,0.0,0.0,0.0,-0.0873704056661039
MRIZ002,-0.2507945502750536,-0.33791262220707874,-0.2793287343675633,-0.1648451397996664,-0.23587685712163675,-0.24079618241379983,-0.2605444049415741,-0.26630085246396296,-0.2774130121649823,-0.31769570787507234,-0.2695336321290104,-0.2732729830558234,-0.31375761327413776,-0.3186235758103173,-0.32178099598155696,-0.39722492882085164,-0.32848166148480995,-0.26705360314499055,-0.32146695400350994,-0.34900629430816665,-0.3098831114609915,-0.3446772765077407,-0.3834092397533449,-0.39469993806229076,0.0,0.0,0.0,0.0,0.0,0.0,0.0,0.0,-0.0873704056661039
MRIZ003,-0.2507945502750536,-0.33791262220707874,-0.2793287343675633,-0.1648451397996664,-0.23587685712163675,-0.24079618241379983,-0.2605444049415741,-0.26630085246396296,-0.2774130121649823,-0.31769570787507234,-0.2695336321290104,-0.2732729830558234,-0.31375761327413776,-0.3186235758103173,-0.32178099598155696,-0.39722492882085164,-0.32848166148480995,-0.12041106344601053,-0.15266847230713096,-0.1881762125906515,-0.22741287770623195,-0.20703239020492673,-0.3462615284086089,-0.3146886361411757,0.0,0.0,0.0,0.0,0.0,0.0,0.0,0.0,-0.0873704056661039
MRIZ004,-0.2507945502750536,-0.33791262220707874,-0.2793287343675633,-0.1648451397996664,-0.23587685712163675,-0.24079618241379983,-0.2605444049415741,-0.26630085246396296,-0.2774130121649823,-0.31769570787507234,-0.2695336321290104,-0.2732729830558234,-0.31375761327413776,-0.3186235758103173,-0.32178099598155696,-0.39722492882085164,-0.32848166148480995,-0.08754999012411024,0.3513716451304286,0.4271565265295473,1.022398454831367,0.04189160136241574,0.008870592047067229,-0.032486611797783414,0.0,0.0,0.0,0.0,0.0,0.0,0.0,0.0,-0.0873704056661039
MTHN001,-0.2507945502750536,-0.33791262220707874,-0.09997330923320633,-0.13751047961383064,-0.1244580634018561,-0.15760859359877646,-0.256767112742014,-0.26324685339486664,-0.2774130121649823,-0.31769570787507234,-0.2695336321290104,-0.2732729830558234,-0.31375761327413776,-0.3186235758103173,-0.32178099598155696,-0.3837423184694635,-0.31592052388754566,-0.3533139206149788,-0.3442351213020913,-0.35610173908982173,-0.3754947891443361,-0.38655234050972354,-0.39566798449710777,-0.4179464649718039,0.0,0.0,0.0,0.0,0.0,0.0,0.0,0.0,-0.0873704056661039
MVRM001,-0.2507945502750536,-0.33791262220707874,-0.2793287343675633,-0.1648451397996664,-0.23587685712163675,-0.24079618241379983,0.517577788167807,0.20605100355627223,0.6034192268910669,0.7926759032527537,0.5761845574569203,0.5260560514176766,0.8383728964182461,0.947445227851399,-0.07973992458346575,0.9298491471943546,0.572614682992622,-0.08590693645801524,-0.26022843506249804,-0.013155241309826248,-0.2187557813452351,-0.12560865464551565,-0.1504930896218502,-0.011402552507759857,0.0,0.0,0.0,0.0,0.0,0.0,0.0,0.0,-0.0873704056661039
MVRM002,-0.2507945502750536,-0.33791262220707874,-0.2793287343675633,-0.1648451397996664,-0.23587685712163675,-0.24079618241379983,-0.09056625596136948,-0.14872188830375355,0.06518486189932583,0.036630192423847734,0.12115868524705749,0.0996517337445371,0.15523307939764602,-0.16886904169436726,-0.314368286737674,0.03306295010773633,-0.03693104672725494,-0.32579277170788734,-0.3575819779943631,-0.27332154997051245,-0.2643194464031133,-0.27953828806021186,-0.3042846145890572,-0.3136074023314309,0.0,0.0,0.0,0.0,0.0,0.0,0.0,0.0,-0.0873704056661039
MVRM003,-0.2507945502750536,-0.33791262220707874,-0.2793287343675633,-0.1648451397996664,-0.23587685712163675,-0.24079618241379983,-0.12141414225777698,-0.20623887077173478,-0.15619327257119023,-0.10103783253305752,-0.1884465473905812,-0.053624622328338346,0.02082470384666153,-0.25971736017468044,-0.3140459950314182,-0.08404315123003515,-0.2002258354916905,-0.2801980324737507,-0.26022843506249804,-0.23390241229465092,-0.2793554558722131,-0.29349664272753945,-0.3042846145890572,-0.3098230839973241,0.0,0.0,0.0,0.0,0.0,0.0,0.0,0.0,-0.0873704056661039
N-1001,-0.21401134956804574,0.7816773911296279,-0.2793287343675633,-0.16306727572253887,-0.12000131165306487,0.5869700580063875,-0.22601995423759477,-0.06270091452420641,-0.18380703564467954,0.22394898047996473,0.5346358032934277,-0.2732729830558234,-0.31375761327413776,-0.31447525076555416,-0.11422513715283426,0.5835386698829845,-0.32848166148480995,-0.36111842552893014,-0.3717139439038274,-0.22680696751299584,-0.39007516196285713,-0.3962456423620344,-0.2574784982946899,-0.4298400368789967,0.0,0.0,0.0,0.0,0.0,0.0,0.0,0.0,-0.0873704056661039
N-1004,-0.2507945502750536,-0.03189135189504559,-0.26310133876016906,-0.1572892174718744,-0.21359309837768062,-0.02378508115721709,-0.252756887523481,-0.26630085246396296,-0.2774130121649823,0.22394898047996473,-0.05173774336876672,-0.2732729830558234,-0.31375761327413776,0.015275107042669371,-0.2906121650695604,0.12219841322795648,-0.32848166148480995,-0.36111842552893014,-0.3717139439038274,-0.384483518216442,-0.39007516196285713,-0.3962456423620344,-0.40606934367363384,-0.4298400368789967,0.0,0.0,0.0,0.0,0.0,0.0,0.0,0.0,-0.0873704056661039
N-1007,0.9814426734097098,-0.12892248638422682,-0.18111028727017733,-0.15106669320192806,-0.21150399599543473,-0.19061236524821507,-0.2555080153421606,-0.26630085246396296,-0.04152595133381933,-0.24999012183069272,-0.16901245270120563,-0.2732729830558234,-0.31375761327413776,-0.3186235758103173,-0.32178099598155696,-0.39722492882085164,-0.32848166148480995,-0.36111842552893014,-0.3717139439038274,-0.384483518216442,-0.39007516196285713,-0.3962456423620344,-0.40606934367363384,-0.4298400368789967,0.0,0.0,0.0,0.0,0.0,0.0,0.0,0.0,-0.0873704056661039
N-1011,0.031209988478673355,1.602710067576546,-0.2793287343675633,-0.1019531980712801,-0.09174272009588551,-0.24079618241379983,1.6029323378154086,1.0061987596595154,0.5650407765177426,0.3595858378555386,0.06570450126271851,-0.10360417432256847,-0.31375761327413776,-0.3186235758103173,-0.2559786983153142,-0.39722492882085164,-0.32848166148480995,-0.36111842552893014,-0.3717139439038274,-0.06913041680954965,0.06556148861592483,-0.3962456423620344,-0.33177392098416186,-0.4298400368789967,0.0,0.0,0.0,0.0,0.0,0.0,0.0,0.0,-0.0873704056661039
N-1019,1.7171066875498673,-0.06921101900626915,-0.24943616351183712,-0.14439970291269982,-0.18643476740848408,-0.13500327055121575,-0.25990226526764887,-0.26630085246396296,-0.2774130121649823,-0.17191204000431412,-0.20251951251047387,-0.2732729830558234,-0.31375761327413776,-0.3186235758103173,-0.15451160043480683,0.3273690732066094,-0.32848166148480995,-0.36111842552893014,-0.3717139439038274,-0.384483518216442,-0.39007516196285713,-0.3962456423620344,-0.40606934367363384,-0.4298400368789967,0.0,0.0,0.0,0.0,0.0,0.0,0.0,0.0,-0.0873704056661039
N-1036,1.9561974921454184,1.6997412020657274,-0.06581037111237642,-0.07595193594329,-0.23587685712163675,-0.24079618241379983,0.4208350394500735,0.6498988682649415,0.059568503308107666,0.018877787763011376,-0.15560962877749832,-0.2732729830558234,-0.31375761327413776,-0.3186235758103173,-0.20575598172947596,-0.39722492882085164,-0.32848166148480995,-0.36111842552893014,-0.3717139439038274,-0.384483518216442,-0.39007516196285713,-0.3962456423620344,-0.40606934367363384,-0.4298400368789967,0.0,0.0,0.0,0.0,0.0,0.0,0.0,0.0,-0.0873704056661039
N-1038,2.8190700753973115,-0.2632732879846316,-0.273350220196418,-0.1584003825200791,-0.0046828601530918956,-0.1621296582082886,-0.2599148562416474,-0.26630085246396296,-0.04339807086422538,0.2076996398293136,-0.1019983330826691,-0.2732729830558234,-0.31375761327413776,-0.3186235758103173,-0.32178099598155696,-0.39722492882085164,-0.32848166148480995,-0.36111842552893014,-0.3717139439038274,-0.384483518216442,-0.39007516196285713,-0.3962456423620344,-0.40606934367363384,-0.4298400368789967,0.0,0.0,0.0,0.0,0.0,0.0,0.0,0.0,-0.0873704056661039
N-1040,-0.2507945502750536,1.0429150609081927,-0.03591780025665026,-0.04750611070924955,-0.23587685712163675,-0.22904141442906828,0.36900429498510967,-0.011800930039267271,-0.04339807086422538,0.8107307261979215,-0.2695336321290104,-0.2732729830558234,-0.31375761327413776,-0.31054678694816346,-0.19913933300004477,-0.39722492882085164,-0.32848166148480995,-0.36111842552893014,-0.3717139439038274,-0.384483518216442,-0.39007516196285713,-0.3962456423620344,-0.40606934367363384,-0.4298400368789967,0.0,0.0,0.0,0.0,0.0,0.0,0.0,0.0,-0.0873704056661039
N-2001,-0.2507945502750536,1.2892248638422683,-0.10253552959226857,-0.10750902331230362,-0.18016746026174643,-0.15127910314545945,-0.25603683625009904,-0.2408508602214934,-0.2774130121649823,-0.31622875351077745,-0.2695336321290104,-0.2732729830558234,-0.31375761327413776,-0.3186235758103173,-0.32178099598155696,-0.39722492882085164,-0.32848166148480995,-0.36111842552893014,-0.3717139439038274,-0.14008486462610042,-0.2488278002834347,-0.3962456423620344,-0.40606934367363384,-0.4298400368789967,0.0,0.0,0.0,0.0,0.0,0.0,0.0,0.0,-0.0873704056661039
N-2002,4.653632210659328,1.602710067576546,0.12806430272333325,0.0016073844213984024,0.28848784082208095,1.5228711217568862,0.7517699045405334,0.5480988992950632,0.47143479999743987,0.6463957277510034,-0.2695336321290104,0.20422345330827457,-0.31375761327413776,-0.3186235758103173,-0.32178099598155696,-0.39722492882085164,-0.32848166148480995,-0.36111842552893014,-0.3717139439038274,-0.384483518216442,-0.39007516196285713,-0.3962456423620344,-0.2574784982946899,-0.4298400368789967,0.0,0.0,0.0,0.0,0.0,0.0,0.0,0.0,-0.0873704056661039
N-2003,5.438340492408829,2.3864230769122408,0.03838659015615477,-0.01728242139808158,0.16731990265181948,1.3253005983212058,0.5685712328618684,0.7964908235815662,0.6073179158131374,-0.07026790052875509,-0.2695336321290104,-0.2732729830558234,-0.31375761327413776,-0.3186235758103173,-0.32178099598155696,-0.39722492882085164,-0.32848166148480995,-0.36111842552893014,-0.3717139439038274,-0.384483518216442,-0.1786597560943023,-0.3962456423620344,-0.40606934367363384,-0.4298400368789967,0.0,0.0,0.0,0.0,0.0,0.0,0.0,0.0,11.445523142259612
N-2004,-0.2037733587045952,2.4013509437567304,-0.05385334277008596,-0.07572970293364906,0.08305943990123538,-0.19648974924058085,-0.15792796685352464,-0.26630085246396296,0.01276551504795628,0.9479834902270878,0.2498257949146476,-0.2732729830558234,-0.31375761327413776,-0.3186235758103173,-0.32178099598155696,0.9107693274599474,-0.3188756967854284,-0.36111842552893014,-0.3717139439038274,-0.384483518216442,-0.10758043860401231,-0.3962456423620344,-0.40606934367363384,-0.4298400368789967,0.0,0.0,0.0,0.0,0.0,0.0,0.0,0.0,-0.0873704056661039
N-2005,-0.2507945502750536,2.252072275311836,-0.012003743572069332,-0.004837372858188886,0.07464732097539194,-0.16122544528638616,-0.25865575884179404,-0.06270091452420641,0.3778288234771371,1.038221495307037,-0.001477153654864337,0.013224878762635372,-0.31375761327413776,0.5575026736436619,-0.10520096937767241,2.4595475959189947,-0.32848166148480995,-0.36111842552893014,-0.3717139439038274,-0.22680696751299584,-0.025565841499831557,-0.3962456423620344,-0.40606934367363384,-0.4298400368789967,0.0,0.0,0.0,0.0,0.0,0.0,0.0,0.0,-0.0873704056661039
N-2006,5.438340492408829,1.8564838039328662,-0.11876292519966276,-0.07284067380831682,-0.03509322716398454,-0.08255892108087491,-0.2573966614419407,-0.26630085246396296,0.2654969713539478,0.7564173050731202,-0.2695336321290104,-0.2732729830558234,-0.31375761327413776,-0.3186235758103173,-0.32178099598155696,2.0157771066390184,-0.32848166148480995,-0.36111842552893014,-0.3717139439038274,-0.11012631999244565,-0.2843674590285797,-0.3962456423620344,-0.31988665335384636,-0.4298400368789967,0.0,0.0,0.0,0.0,0.0,0.0,0.0,0.0,-0.0873704056661039
N-5001,-0.2507945502750536,0.236810251305764,-0.1930673156124678,-0.1388438776716763,-0.21707493568142378,-0.15806070005972767,-0.2605444049415741,-0.26630085246396296,-0.2774130121649823,-0.3014824768703116,0.1379122151516916,-0.2732729830558234,-0.31375761327413776,-0.10954799355425408,-0.2882626585309558,-0.39722492882085164,-0.32848166148480995,-0.36111842552893014,-0.3717139439038274,-0.384483518216442,-0.39007516196285713,-0.3962456423620344,-0.40606934367363384,-0.4298400368789967,0.0,0.0,0.0,0.0,0.0,0.0,0.0,0.0,-0.0873704056661039
N-5002,-0.22884724051987226,-0.33791262220707874,-0.05556148967612745,-0.15706698446223347,-0.23309138727864223,-0.24079618241379983,-0.2605444049415741,-0.26630085246396296,-0.2774130121649823,-0.31769570787507234,-0.16901245270120563,-0.2732729830558234,-0.31375761327413776,-0.0933861191798568,-0.11098932842202625,-0.3960692765050184,-0.32848166148480995,-0.36111842552893014,-0.3717139439038274,-0.384483518216442,-0.39007516196285713,-0.3962456423620344,-0.40606934367363384,-0.4298400368789967,0.0,0.0,0.0,0.0,0.0,0.0,0.0,0.0,-0.0873704056661039
N-5003,-0.2507945502750536,2.8118672819801893,0.5286247521900638,-0.12328756699681043,-0.2177713031421724,-0.24079618241379983,-0.25865575884179404,-0.26261569358725334,-0.2774130121649823,-0.0874967153241816,-0.1656617467202788,-0.2732729830558234,-0.31375761327413776,1.9665766865734982,0.30065130755904435,-0.39722492882085164,-0.32848166148480995,-0.36111842552893014,-0.3717139439038274,-0.384483518216442,-0.39007516196285713,-0.3962456423620344,-0.40606934367363384,-0.4298400368789967,0.0,0.0,0.0,0.0,0.0,0.0,0.0,0.0,-0.0873704056661039
N-5004,-0.2507945502750536,5.289893178165434,1.8208378866104546,-0.029505236928333334,-0.16878881595311382,-0.24079618241379983,-0.2591782842627332,-0.26630085246396296,-0.2774130121649823,0.030830080552712535,-0.012199412793830178,-0.2732729830558234,-0.31375761327413776,2.7386297573044596,0.7682578983314312,-0.39722492882085164,-0.32848166148480995,-0.36111842552893014,-0.3717139439038274,-0.384483518216442,-0.39007516196285713,-0.3962456423620344,-0.40606934367363384,-0.4298400368789967,0.0,0.0,0.0,0.0,0.0,0.0,0.0,0.0,-0.0873704056661039
N-5005,-0.2507945502750536,6.461730725457853,2.0599784534562637,0.3600692289722362,0.5760876021112648,-0.2204513916709952,-0.23221471344487332,-0.26630085246396296,-0.2774130121649823,-0.11646116503396721,-0.11406087461400567,-0.2732729830558234,-0.31375761327413776,-0.0552961986188415,0.3708947849374916,-0.39722492882085164,-0.32848166148480995,-0.36111842552893014,-0.3717139439038274,-0.11012631999244565,-0.39007516196285713,-0.3962456423620344,-0.40606934367363384,-0.4298400368789967,0.0,0.0,0.0,0.0,0.0,0.0,0.0,0.0,-0.0873704056661039
N-5006,-0.24466401682388564,2.722300080913253,0.11354505402198055,-0.13595484854634407,-0.23100228489639635,-0.24079618241379983,-0.2605444049415741,-0.2659598225679139,-0.2774130121649823,-0.18123284234975706,0.13255108558220868,-0.2732729830558234,-0.31375761327413776,-0.3186235758103173,-0.32178099598155696,-0.39722492882085164,-0.32848166148480995,-0.36111842552893014,-0.3717139439038274,-0.384483518216442,-0.39007516196285713,-0.3962456423620344,-0.40606934367363384,-0.4298400368789967,0.0,0.0,0.0,0.0,0.0,0.0,0.0,0.0,-0.0873704056661039
N-7001,0.03734052192984133,1.3937199317536941,-0.12815773318289098,-0.1432885378644951,-0.13214596016852095,-0.0038923968753636715,-0.25988967429365034,-0.06270091452420641,-0.18380703564467954,-0.3158902255805556,-0.2695336321290104,-0.2732729830558234,-0.31375761327413776,-0.3186235758103173,-0.32178099598155696,-0.39722492882085164,-0.32848166148480995,-0.36111842552893014,-0.3717139439038274,-0.384483518216442,-0.39007516196285713,-0.3962456423620344,-0.40606934367363384,-0.4298400368789967,0.0,0.0,0.0,0.0,0.0,0.0,0.0,0.0,-0.0873704056661039
N-7002,2.5079455027505366,0.8488527919298303,-0.11363848448153828,-0.12350980000645137,-0.1725074181935115,-0.059953598033314216,-0.2573966614419407,-0.11360089900914555,-0.18380703564467954,-0.22697022257560365,-0.20251951251047387,-0.2732729830558234,-0.31375761327413776,-0.3186235758103173,-0.32178099598155696,-0.39722492882085164,-0.32848166148480995,-0.36111842552893014,-0.3717139439038274,-0.384483518216442,-0.39007516196285713,-0.3962456423620344,-0.40606934367363384,-0.4298400368789967,0.0,0.0,0.0,0.0,0.0,0.0,0.0,0.0,-0.0873704056661039
N-7004,4.653632210659328,0.6174708558402442,-0.17854806691111508,-0.09506397477241092,0.23277844396219063,0.17921071980987802,-0.1321164701565306,0.3444989613553067,0.003404917395926003,1.037770124733408,0.06553696596367217,-0.17777369578300384,-0.31375761327413776,0.10608194227253492,0.11161433017177884,0.5394197166388565,-0.32848166148480995,-0.36111842552893014,-0.3717139439038274,-0.30564524286471895,-0.39007516196285713,-0.3962456423620344,-0.2969107938871271,-0.4298400368789967,0.0,0.0,0.0,0.0,0.0,0.0,0.0,0.0,-0.0873704056661039
N-7010,-0.2507945502750536,-0.09906675269524799,-0.2579768980420446,-0.1550446640745009,-0.21846767060292102,-0.21954717874909277,-0.2589705331917574,-0.26630085246396296,-0.2774130121649823,-0.293682793357999,-0.2695336321290104,-0.2732729830558234,-0.31375761327413776,-0.3186235758103173,-0.32178099598155696,-0.28165969723752454,-0.32848166148480995,-0.36111842552893014,-0.3717139439038274,-0.384483518216442,-0.39007516196285713,-0.3962456423620344,-0.40606934367363384,-0.4298400368789967,0.0,0.0,0.0,0.0,0.0,0.0,0.0,0.0,-0.0873704056661039
N-7012,-0.2507945502750536,-0.21102575402891866,-0.2707879998373558,-0.1584003825200791,-0.22846054366466387,-0.23853565010904376,-0.2535564143723879,-0.26630085246396296,-0.2774130121649823,-0.29458553450525743,-0.20251951251047387,-0.2732729830558234,-0.31375761327413776,-0.3186235758103173,-0.32178099598155696,-0.39722492882085164,-0.32848166148480995,-0.36111842552893014,-0.3717139439038274,-0.384483518216442,-0.39007516196285713,-0.3962456423620344,-0.40606934367363384,-0.4298400368789967,0.0,0.0,0.0,0.0,0.0,0.0,0.0,0.0,-0.0873704056661039
N5002,-0.2507945502750536,-0.33791262220707874,-0.2793287343675633,-0.1648451397996664,-0.23587685712163675,-0.24079618241379983,-0.2605444049415741,-0.26630085246396296,-0.2774130121649823,-0.31769570787507234,-0.2695336321290104,-0.2732729830558234,-0.31375761327413776,-0.3186235758103173,-0.32178099598155696,-0.3679484034864088,-0.1929535979353796,-0.29703933255122456,-0.36621817938348017,-0.384483518216442,-0.23971506727185907,-0.33226985013678284,-0.2964835952066627,-0.2125120411202923,0.0,0.0,0.0,0.0,0.0,0.0,0.0,0.0,-0.0873704056661039
N5003,-0.2507945502750536,-0.33791262220707874,-0.2793287343675633,-0.1648451397996664,-0.23587685712163675,-0.24079618241379983,-0.2605444049415741,-0.26630085246396296,-0.2774130121649823,-0.31769570787507234,-0.2695336321290104,-0.2732729830558234,-0.31375761327413776,-0.3186235758103173,-0.32178099598155696,-0.3629405767844646,-0.011808771532726388,-0.2649997860623718,-0.36857350703505753,-0.3805416044488559,-0.1759259361908296,-0.29853715969074107,-0.2556211127274531,-0.23738041874442264,0.0,0.0,0.0,0.0,0.0,0.0,0.0,0.0,-0.0873704056661039
N5004,-0.2507945502750536,-0.33791262220707874,-0.2793287343675633,-0.1648451397996664,-0.23587685712163675,-0.24079618241379983,-0.2605444049415741,-0.26630085246396296,-0.2774130121649823,-0.31769570787507234,-0.2695336321290104,-0.2732729830558234,-0.31375761327413776,-0.3186235758103173,-0.32178099598155696,-0.18535533758475192,0.6896315963987155,0.462051461184672,-0.36700328860067266,-0.3789648389418214,0.04961420584566746,-0.005411711676861184,-0.11371685539056156,-0.26765496541727696,0.0,0.0,0.0,0.0,0.0,0.0,0.0,0.0,-0.0873704056661039
N5005,-0.2507945502750536,-0.33791262220707874,-0.2793287343675633,-0.1648451397996664,-0.23587685712163675,-0.24079618241379983,-0.2605444049415741,-0.26630085246396296,-0.2774130121649823,-0.31769570787507234,-0.2695336321290104,-0.2732729830558234,-0.31375761327413776,-0.3186235758103173,-0.32178099598155696,-0.23658925692002694,0.6433537210403735,0.11659942788819529,-0.36700328860067266,-0.3789648389418214,0.04277965608698573,-0.003085319232306581,-0.10442992755437756,-0.1595315844427972,0.0,0.0,0.0,0.0,0.0,0.0,0.0,0.0,-0.0873704056661039
N5006,-0.2507945502750536,-0.33791262220707874,-0.2793287343675633,-0.1648451397996664,-0.23587685712163675,-0.24079618241379983,-0.2605444049415741,-0.26630085246396296,-0.2774130121649823,-0.31769570787507234,-0.2695336321290104,-0.2732729830558234,-0.31375761327413776,-0.3186235758103173,-0.32178099598155696,-0.25777621604363693,0.40931989422818643,-0.03373998255949853,-0.36072241486313295,-0.3789648389418214,0.03822328958119792,-0.0825703944212555,-0.05390904012553661,0.13780771323702226,0.0,0.0,0.0,0.0,0.0,0.0,0.0,0.0,-0.0873704056661039
N8003,-0.2507945502750536,-0.33791262220707874,-0.2793287343675633,-0.1648451397996664,-0.23587685712163675,-0.24079618241379983,-0.2605444049415741,-0.26630085246396296,-0.2774130121649823,-0.31769570787507234,-0.2695336321290104,-0.2732729830558234,-0.31375761327413776,-0.3186235758103173,-0.32178099598155696,-0.1868962073391963,0.32469749357293237,-0.06002884121701876,1.0713167972959148,0.1279652715697581,0.7353473649667344,0.2574706345578089,0.20092425969935232,0.6946431252555932,0.0,0.0,0.0,0.0,0.0,0.0,0.0,0.0,-0.0873704056661039
PBER008,-0.2507945502750536,-0.33791262220707874,-0.2793287343675633,-0.1648451397996664,-0.23587685712163675,-0.24079618241379983,-0.2605444049415741,-0.26630085246396296,-0.2774130121649823,-0.31769570787507234,-0.2695336321290104,-0.2732729830558234,-0.31375761327413776,-0.3186235758103173,-0.32178099598155696,-0.3813539703500747,-0.21740153837468662,-0.3102166229533066,-0.33742822438903264,-0.3548009075465183,-0.380994323516822,-0.10434155038154565,-0.40494376801988835,-0.4082153606841007,0.0,0.0,0.0,0.0,0.0,0.0,0.0,0.0,-0.0873704056661039
PFRF001,-0.2507945502750536,-0.33791262220707874,1.1427035649119812,0.15761495718933896,1.5120054693574223,0.37542492386270493,1.0365840318743644,0.7425368400275307,0.6811121874029181,0.7240675760611156,0.14930461548684282,0.893250810981668,0.6891672685130248,0.7533036157564831,0.7967613768326924,0.5885464965849286,-0.32848166148480995,0.6111585813827946,0.5500042770801211,0.4283391006598231,0.03047746652135862,0.602552180500075,1.0709236593930693,-0.3206354220947721,0.0,0.0,0.0,0.0,0.0,0.0,0.0,0.0,-0.0873704056661039
PFRF002,-0.2507945502750536,-0.33791262220707874,0.5303328990961053,0.054498840715942354,-0.15022365944955537,0.029563481235026168,0.3885203046828368,0.40456094304753487,0.03616700917803197,0.14450775952122596,-0.12243763956632274,0.21425087847192062,0.05165231291798825,0.5197529157363172,0.10332176456981759,0.14824296425245234,-0.22005921064526568,0.03732208849911084,-0.16915576586817263,-0.10815536310865258,0.37266059110602384,-0.32916799354404336,0.540082864276792,-0.4055122761597387,0.0,0.0,0.0,0.0,0.0,0.0,0.0,0.0,-0.0873704056661039
PFRF003,-0.2507945502750536,-0.33791262220707874,0.06400879374677719,0.005163112575653458,0.14294704152561746,0.022329777859806745,-0.026981837268774414,-0.01485492910836362,-0.15057691397997205,-0.29783540263538766,-0.15091864040420075,-0.056967097382887036,-0.10947332382814606,-0.10249584097815671,0.008568002930618119,-0.1383588100741989,-0.3152594113824265,-0.13437701960781817,-0.33952446599893654,-0.1802923850554792,-0.3053267449552037,-0.23456136746548953,-0.07842652961306236,-0.2736017513708734,0.0,0.0,0.0,0.0,0.0,0.0,0.0,0.0,-0.0873704056661039
PHCH011,-0.2507945502750536,-0.33791262220707874,0.2314840571496156,0.20994638629958776,0.27537524153618426,-0.08997346704047482,-0.25421114502031167,-0.26630085246396296,-0.2774130121649823,-0.31769570787507234,-0.2695336321290104,-0.27321090851909613,-0.31375761327413776,-0.3186235758103173,-0.32148448761180165,-0.39722492882085164,-0.32848166148480995,-0.36111842552893014,-0.3717139439038274,-0.384483518216442,-0.39007516196285713,-0.3962456423620344,-0.40606934367363384,-0.4298400368789967,0.0,0.0,0.0,0.0,0.0,0.0,0.0,0.0,-0.0873704056661039
PHCH026,-0.2507945502750536,-0.33791262220707874,-0.2793287343675633,-0.1648451397996664,-0.23587685712163675,-0.11008316242358483,-0.03724348107757937,-0.05487249691042277,-0.1581964404687247,-0.31769570787507234,6.771639916190621,6.99576031693084,5.357696275926867,5.0775176424176,6.71423370162964,5.45345752880439,1.9900398939681274,4.248468634700633,2.0958843257320754,4.486539324389769,4.356747463766893,4.455058068682497,5.524191295400021,6.240291335436662,0.0,0.0,0.0,0.0,0.0,0.0,0.0,0.0,-0.0873704056661039
PPRF004,-0.2507945502750536,-0.33791262220707874,4.085840684021477,1.9112556362660045,2.8873312043359647,2.5767312822341664,3.8491495081798175,4.3167337505599574,3.166818893899558,3.318094262708114,2.746771891901318,3.9229656997118694,2.76612605034521,3.1186785562804364,2.2903932832215443,0.5950951930413172,-0.32848166148480995,-0.36111842552893014,-0.3717139439038274,-0.384483518216442,-0.34086640370034865,-0.3915928574729252,1.1095572791915946,-0.4298400368789967,0.0,0.0,0.0,0.0,0.0,0.0,0.0,0.0,-0.0873704056661039
PPRF006,-0.2507945502750536,-0.33791262220707874,7.571314445799147,1.3496728209033464,7.374026753939382,6.580586100418118,6.164000077810234,5.279761457015005,4.5662282428780845,5.203469148757272,4.194947016857892,4.115396763566601,2.1816345823528556,3.839242616555797,4.165486430217675,4.076690403208352,-0.32054831142337986,-0.050581282636972424,0.10327713249761113,-0.27016801895644355,-0.3244634842795125,-0.06822430767983545,1.8636558194897355,-0.4298400368789967,0.0,0.0,0.0,0.0,0.0,0.0,0.0,0.0,-0.0873704056661039
PPRF007,-0.2507945502750536,-0.33791262220707874,4.016660734326797,0.6183039861750096,1.6213351606949569,2.8746694400010164,4.730517688077175,6.877002970152396,6.558631453112729,3.3149346686927097,5.617991846957515,4.024194944221058,3.363359596753713,3.5090359429926496,2.31520974460324,0.37282473096271807,0.5904647206308397,1.6446393373565587,0.7871072606722441,-0.384483518216442,-0.39007516196285713,0.8097949741024808,-0.40606934367363384,-0.4298400368789967,0.0,0.0,0.0,0.0,0.0,0.0,0.0,0.0,-0.0873704056661039
PPRF015,-0.2507945502750536,-0.33791262220707874,0.2262827498207192,-0.07639640196257189,-0.10983434672613489,0.07025306272063543,0.18391697720666467,0.08083704172332196,-0.1519810036277766,-0.06628229836360931,-0.267858279138547,0.002242460726261117,-0.2183975425468338,-0.2729920003179226,-0.19512035542303519,-0.2851266541850243,-0.32848166148480995,-0.3578323181967401,-0.3717139439038274,-0.384483518216442,-0.39007516196285713,-0.3912051253988328,-0.40606934367363384,-0.4298400368789967,0.0,0.0,0.0,0.0,0.0,0.0,0.0,0.0,-0.0873704056661039
PPRF028,-0.2507945502750536,-0.33791262220707874,-0.2793287343675633,-0.1648451397996664,-0.23587685712163675,-0.24079618241379983,-0.2605444049415741,-0.03165192398839353,3.014709182054066,4.942125586625967,1.9050745494924997,2.78461419541986,1.495206487031314,1.7219375137086805,1.8301607266882898,0.4148134317713269,0.5924480581461972,0.6366259132072672,0.7360751615547342,-0.384483518216442,-0.39007516196285713,-0.38189955562061434,-0.40606934367363384,-0.4298400368789967,0.0,0.0,0.0,0.0,0.0,0.0,0.0,0.0,-0.0873704056661039
PPRF029,-0.2507945502750536,-0.33791262220707874,-0.2793287343675633,-0.1648451397996664,-0.23587685712163675,-0.24079618241379983,-0.2605444049415741,-0.16755488256318105,-0.19363566317931133,-0.18905509439075105,-0.21022613626660558,-0.2522631398558031,-0.31375761327413776,-0.24146472997772256,-0.304054952137489,-0.39722492882085164,-0.32848166148480995,-0.36111842552893014,-0.3717139439038274,-0.384483518216442,-0.39007516196285713,-0.3962456423620344,-0.40606934367363384,-0.4298400368789967,0.0,0.0,0.0,0.0,0.0,0.0,0.0,0.0,-0.0873704056661039
PPRF038,-0.2507945502750536,-0.33791262220707874,-0.2793287343675633,-0.1648451397996664,-0.23587685712163675,-0.24079618241379983,-0.2605444049415741,-0.26630085246396296,-0.2774130121649823,-0.31769570787507234,-0.2695336321290104,1.6433977125096662,2.806407459531744,0.6670184548254093,1.8962305264707249,1.6205440146240397,-0.32848166148480995,-0.36111842552893014,-0.3717139439038274,-0.28120537750568475,-0.36820460273507555,-0.386940072583816,-0.40606934367363384,-0.4298400368789967,0.0,0.0,0.0,0.0,0.0,0.0,0.0,0.0,-0.0873704056661039
PPRF039,-0.2507945502750536,-0.33791262220707874,-0.2793287343675633,-0.1648451397996664,-0.23587685712163675,-0.24079618241379983,-0.2605444049415741,-0.26630085246396296,-0.2774130121649823,-0.31769570787507234,-0.2695336321290104,-0.2732729830558234,-0.31375761327413776,-0.3186235758103173,-0.025594917932494618,0.38977429826160603,0.2903196433067354,0.1905368428624709,-0.3552266503427857,0.33491574436803123,-0.39007516196285713,-0.3826750197687992,-0.40532638944673915,-0.4298400368789967,0.0,0.0,0.0,0.0,0.0,0.0,0.0,0.0,-0.0873704056661039
PPRF045,-0.2507945502750536,-0.33791262220707874,-0.2793287343675633,-0.1648451397996664,-0.23587685712163675,-0.24079618241379983,-0.2605444049415741,-0.26630085246396296,-0.2774130121649823,-0.31769570787507234,-0.2695336321290104,-0.2732729830558234,-0.31375761327413776,-0.3186235758103173,-0.32178099598155696,0.4128873445782715,1.6396502662549661,1.7699221793963034,2.8731424507526113,2.6913917946310346,1.4780351054101488,2.739083860333835,1.9367105086202931,1.4408728575581118,0.0,0.0,0.0,0.0,0.0,0.0,0.0,0.0,-0.0873704056661039
PPRF046,-0.2507945502750536,-0.33791262220707874,-0.2793287343675633,-0.1648451397996664,-0.23587685712163675,-0.24079618241379983,-0.2605444049415741,-0.26630085246396296,-0.2774130121649823,-0.31769570787507234,-0.2695336321290104,-0.2732729830558234,-0.31375761327413776,-0.3186235758103173,-0.32178099598155696,-0.3452205746083544,0.8132596348560007,0.9397693146017974,2.870787123101034,2.4615782219807616,2.5920667160752706,2.864193368681241,2.1066612880224604,1.868679232890787,0.0,0.0,0.0,0.0,0.0,0.0,0.0,0.0,-0.0873704056661039
PPRF047,-0.2507945502750536,-0.33791262220707874,-0.2793287343675633,-0.1648451397996664,-0.23587685712163675,-0.24079618241379983,-0.2605444049415741,-0.26630085246396296,-0.2774130121649823,-0.31769570787507234,-0.2695336321290104,-0.2732729830558234,-0.31375761327413776,-0.3186235758103173,-0.32178099598155696,3.2800607401606174,7.248528759686025,3.833186820595118,6.09601578732766,5.362432563547412,5.103080297414938,5.499608276287513,4.863333510577167,4.760622866800905,0.0,0.0,0.0,0.0,0.0,0.0,0.0,0.0,-0.0873704056661039
PPRF049,-0.2507945502750536,-0.33791262220707874,-0.2793287343675633,-0.1648451397996664,-0.23587685712163675,-0.24079618241379983,-0.2605444049415741,-0.26630085246396296,-0.2774130121649823,-0.31769570787507234,-0.2695336321290104,-0.2732729830558234,-0.31375761327413776,-0.3186235758103173,-0.32178099598155696,-0.39722492882085164,-0.32848166148480995,-0.31470215946174596,1.1678852310105874,1.7082785009950476,1.3486342966457747,1.686003547098785,0.9409066696864933,0.8368253712370342,0.0,0.0,0.0,0.0,0.0,0.0,0.0,0.0,-0.0873704056661039
PPRF050,-0.2507945502750536,-0.33791262220707874,-0.2793287343675633,-0.1648451397996664,-0.23587685712163675,-0.24079618241379983,-0.2605444049415741,-0.26630085246396296,-0.2774130121649823,-0.31769570787507234,-0.2695336321290104,-0.2732729830558234,-0.31375761327413776,-0.3186235758103173,-0.32178099598155696,2.140972774187623,3.3235038167934983,1.8381089065392464,3.245284219701837,2.6515784655784143,2.639452927735464,2.813997574369235,3.144137429542785,2.3386591329725586,0.0,0.0,0.0,0.0,0.0,0.0,0.0,0.0,-0.0873704056661039
PPRF054,-0.2507945502750536,-0.33791262220707874,-0.2793287343675633,-0.1648451397996664,-0.23587685712163675,-0.24079618241379983,-0.2605444049415741,-0.26630085246396296,-0.2774130121649823,-0.31769570787507234,-0.2695336321290104,-0.2732729830558234,-0.31375761327413776,-0.3186235758103173,-0.32178099598155696,-0.39722492882085164,-0.32848166148480995,0.46780214901600453,0.22889460724840477,0.5856214599865107,0.3362096590597213,0.5918236340099373,0.8495678770320564,0.8993855594688683,0.0,0.0,0.0,0.0,0.0,0.0,0.0,0.0,-0.0873704056661039
VAL100,-0.2507945502750536,-0.33791262220707874,-0.2793287343675633,-0.1648451397996664,-0.23587685712163675,-0.24079618241379983,-0.2605444049415741,-0.26630085246396296,-0.2774130121649823,-0.31769570787507234,-0.2695336321290104,-0.2732729830558234,-0.31375761327413776,-0.3186235758103173,-0.32178099598155696,-0.39722492882085164,-0.32848166148480995,-0.36111842552893014,-0.3553915232783961,-0.15727949248031123,-0.28216673400628417,-0.21861394725806774,-0.3518336851103193,-0.25256094143323965,0.0,0.0,0.0,0.0,0.0,0.0,0.0,0.0,-0.0873704056661039
VAL200,-0.2507945502750536,-0.33791262220707874,-0.2793287343675633,-0.1648451397996664,-0.23587685712163675,-0.24079618241379983,-0.2605444049415741,-0.26630085246396296,-0.2774130121649823,-0.31769570787507234,-0.2695336321290104,-0.2732729830558234,-0.31375761327413776,-0.3186235758103173,-0.32178099598155696,-0.39722492882085164,-0.32848166148480995,-0.36111842552893014,-0.34502023051928377,-0.34683824173599426,-0.347623495228432,-0.35849604762839504,-0.3878669651147132,-0.39956549020614235,0.0,0.0,0.0,0.0,0.0,0.0,0.0,0.0,-0.0873704056661039
VAL50,-0.2507945502750536,-0.33791262220707874,-0.2793287343675633,-0.1648451397996664,-0.23587685712163675,-0.24079618241379983,-0.2605444049415741,-0.26630085246396296,-0.2774130121649823,-0.31769570787507234,-0.2695336321290104,-0.2732729830558234,-0.31375761327413776,-0.3186235758103173,-0.32178099598155696,-0.39722492882085164,-0.32848166148480995,-0.36111842552893014,-0.28314577311234596,-0.2591306604072023,-0.2893794621849463,-0.2605394164296826,-0.38310462852031807,-0.28603594018293854,0.0,0.0,0.0,0.0,0.0,0.0,0.0,0.0,-0.0873704056661039
VAR200,-0.2507945502750536,-0.33791262220707874,-0.2793287343675633,-0.1648451397996664,-0.23587685712163675,-0.24079618241379983,-0.2605444049415741,-0.26630085246396296,-0.2774130121649823,-0.31769570787507234,-0.2695336321290104,-0.2732729830558234,-0.31375761327413776,-0.3186235758103173,-0.32178099598155696,-0.39722492882085164,-0.32848166148480995,-0.36111842552893014,-0.3458053397364762,-0.3689129588344767,-0.352712956615397,-0.3671657368051019,-0.3964109387240025,-0.4082153606841007,0.0,0.0,0.0,0.0,0.0,0.0,0.0,0.0,-0.0873704056661039
VBS200,-0.2507945502750536,-0.33791262220707874,-0.2793287343675633,-0.1648451397996664,-0.23587685712163675,-0.24079618241379983,-0.2605444049415741,-0.26630085246396296,-0.2774130121649823,-0.31769570787507234,-0.2695336321290104,-0.2732729830558234,-0.31375761327413776,-0.3186235758103173,-0.32178099598155696,-0.39722492882085164,-0.32848166148480995,-0.36111842552893014,-0.3497308858224385,-0.36970134158799395,-0.3554467765188697,-0.36949212924965646,-0.39603946161055514,-0.4195683156864211,0.0,0.0,0.0,0.0,0.0,0.0,0.0,0.0,-0.0873704056661039
VCA100,-0.2507945502750536,-0.33791262220707874,-0.2793287343675633,-0.1648451397996664,-0.23587685712163675,-0.24079618241379983,-0.2605444049415741,-0.26630085246396296,-0.2774130121649823,-0.31769570787507234,-0.2695336321290104,-0.2732729830558234,-0.31375761327413776,-0.3186235758103173,-0.32178099598155696,-0.39722492882085164,-0.32848166148480995,-0.36111842552893014,-0.2750512970830917,-0.21286047660327603,-0.3210781039657122,-0.2279117623948043,-0.33846050902621433,-0.40316059262354376,0.0,0.0,0.0,0.0,0.0,0.0,0.0,0.0,-0.0873704056661039
VCA200,-0.2507945502750536,-0.33791262220707874,-0.2793287343675633,-0.1648451397996664,-0.23587685712163675,-0.24079618241379983,-0.2605444049415741,-0.26630085246396296,-0.2774130121649823,-0.31769570787507234,-0.2695336321290104,-0.2732729830558234,-0.31375761327413776,-0.3186235758103173,-0.32178099598155696,-0.39722492882085164,-0.32848166148480995,-0.36111842552893014,-0.3442351213020913,-0.3456556676057184,-0.3499791367119243,-0.36172973312632595,-0.3878669651147132,-0.38767191829894954,0.0,0.0,0.0,0.0,0.0,0.0,0.0,0.0,-0.0873704056661039
VCA50,-0.2507945502750536,-0.33791262220707874,-0.2793287343675633,-0.1648451397996664,-0.23587685712163675,-0.24079618241379983,-0.2605444049415741,-0.26630085246396296,-0.2774130121649823,-0.31769570787507234,-0.2695336321290104,-0.2732729830558234,-0.31375761327413776,-0.3186235758103173,-0.32178099598155696,-0.39722492882085164,-0.32848166148480995,-0.36111842552893014,-0.28687504189401014,-0.25834227765368506,-0.27918231394499315,-0.25966314194223367,-0.3576101542244257,-0.264951880892915,0.0,0.0,0.0,0.0,0.0,0.0,0.0,0.0,-0.0873704056661039
VCO100,-0.2507945502750536,-0.33791262220707874,-0.2793287343675633,-0.1648451397996664,-0.23587685712163675,-0.24079618241379983,-0.2605444049415741,-0.26630085246396296,-0.2774130121649823,-0.31769570787507234,-0.2695336321290104,-0.2732729830558234,-0.31375761327413776,-0.3186235758103173,-0.32178099598155696,-0.39722492882085164,-0.32848166148480995,-0.36111842552893014,-0.28290238925501626,-0.2991883881134128,-0.3062380182563612,-0.2833652036315042,-0.36334947562718745,-0.3044169149486001,0.0,0.0,0.0,0.0,0.0,0.0,0.0,0.0,-0.0873704056661039
VCO200,-0.2507945502750536,-0.33791262220707874,-0.2793287343675633,-0.1648451397996664,-0.23587685712163675,-0.24079618241379983,-0.2605444049415741,-0.26630085246396296,-0.2774130121649823,-0.31769570787507234,-0.2695336321290104,-0.2732729830558234,-0.31375761327413776,-0.3186235758103173,-0.32178099598155696,-0.39722492882085164,-0.32848166148480995,-0.36111842552893014,-0.34502023051928377,-0.35623182224415206,-0.3577249597717636,-0.36445161228645484,-0.3878669651147132,-0.4055122761597387,0.0,0.0,0.0,0.0,0.0,0.0,0.0,0.0,-0.0873704056661039
VCO50,-0.2507945502750536,-0.33791262220707874,-0.2793287343675633,-0.1648451397996664,-0.23587685712163675,-0.24079618241379983,-0.2605444049415741,-0.26630085246396296,-0.2774130121649823,-0.31769570787507234,-0.2695336321290104,-0.2732729830558234,-0.31375761327413776,-0.3186235758103173,-0.32178099598155696,-0.39722492882085164,-0.32848166148480995,-0.36111842552893014,-0.2876601511112026,-0.2835705257662365,-0.30031474179883705,-0.31482190680262334,-0.3709238939703791,-0.32658220804836846,0.0,0.0,0.0,0.0,0.0,0.0,0.0,0.0,-0.0873704056661039
VGA20,-0.2507945502750536,-0.33791262220707874,-0.2793287343675633,-0.1648451397996664,-0.23587685712163675,-0.24079618241379983,-0.2605444049415741,-0.26630085246396296,-0.2774130121649823,-0.31769570787507234,-0.2695336321290104,-0.2732729830558234,-0.31375761327413776,-0.3186235758103173,-0.32178099598155696,-0.39722492882085164,-0.32848166148480995,-0.36111842552893014,-0.3497308858224385,-0.3689129588344767,-0.34906786341076673,-0.3698798613237489,-0.3982683242912393,-0.4206495494961659,0.0,0.0,0.0,0.0,0.0,0.0,0.0,0.0,-0.0873704056661039
VOL100,-0.2507945502750536,-0.33791262220707874,-0.2793287343675633,-0.1648451397996664,-0.23587685712163675,-0.24079618241379983,-0.2605444049415741,-0.26630085246396296,-0.2774130121649823,-0.31769570787507234,-0.2695336321290104,-0.2732729830558234,-0.31375761327413776,-0.3186235758103173,-0.32178099598155696,-0.39722492882085164,-0.32848166148480995,-0.36111842552893014,-0.2766215155174766,-0.2522796142791376,-0.3029938853042403,-0.28535426917159834,-0.4021688339824366,-0.2790079204195974,0.0,0.0,0.0,0.0,0.0,0.0,0.0,0.0,-0.0873704056661039
VOL200,-0.2507945502750536,-0.33791262220707874,-0.2793287343675633,-0.1648451397996664,-0.23587685712163675,-0.24079618241379983,-0.2605444049415741,-0.26630085246396296,-0.2774130121649823,-0.31769570787507234,-0.2695336321290104,-0.2732729830558234,-0.31375761327413776,-0.3186235758103173,-0.32178099598155696,-0.39722492882085164,-0.32848166148480995,-0.36111842552893014,-0.3442351213020913,-0.34644405035923564,-0.35362422991655457,-0.3652270764346397,-0.39566798449710777,-0.4071341268743559,0.0,0.0,0.0,0.0,0.0,0.0,0.0,0.0,-0.0873704056661039
VS100-D,-0.2507945502750536,-0.33791262220707874,-0.2793287343675633,-0.1648451397996664,-0.23587685712163675,-0.24079618241379983,-0.2605444049415741,-0.26630085246396296,-0.2774130121649823,-0.31769570787507234,-0.2695336321290104,-0.2732729830558234,-0.31375761327413776,-0.3186235758103173,-0.32178099598155696,-0.39722492882085164,-0.2822037861264679,-0.293276739655867,-0.3716197307977643,-0.36319718387147676,-0.38643006875822683,-0.35205969519846064,-0.39975423274502875,-0.4109184452084627,0.0,0.0,0.0,0.0,0.0,0.0,0.0,0.0,-0.0873704056661039
VS100-H,-0.2507945502750536,-0.33791262220707874,-0.2793287343675633,-0.1648451397996664,-0.23587685712163675,-0.24079618241379983,-0.2605444049415741,-0.26630085246396296,-0.2774130121649823,-0.31769570787507234,-0.2695336321290104,-0.2732729830558234,-0.31375761327413776,-0.3186235758103173,-0.32178099598155696,-0.39722492882085164,-0.2703037610343228,-0.29940122219623616,-0.3559175464539151,-0.36319718387147676,-0.3832406122041754,-0.3516486991999227,-0.40049718697192344,-0.4119996790182075,0.0,0.0,0.0,0.0,0.0,0.0,0.0,0.0,-0.0873704056661039
VS100-N,-0.2507945502750536,-0.33791262220707874,-0.2793287343675633,-0.1648451397996664,-0.23587685712163675,-0.24079618241379983,-0.2605444049415741,-0.26630085246396296,-0.2774130121649823,-0.31769570787507234,-0.2695336321290104,-0.2732729830558234,-0.31375761327413776,-0.3186235758103173,-0.32178099598155696,-0.39722492882085164,-0.30269827378516223,-0.29215535552875715,-0.3553287145410207,-0.3635913752482354,-0.3836962488547542,-0.3702675933978413,-0.40049718697192344,-0.41272410567073653,0.0,0.0,0.0,0.0,0.0,0.0,0.0,0.0,-0.0873704056661039
VS400-A,-0.2507945502750536,-0.33791262220707874,-0.2793287343675633,-0.1648451397996664,-0.23587685712163675,-0.24079618241379983,-0.2605444049415741,-0.26630085246396296,-0.2774130121649823,-0.31769570787507234,-0.2695336321290104,-0.2732729830558234,-0.31375761327413776,-0.3186235758103173,-0.32178099598155696,-0.39722492882085164,-0.2848482361469446,-0.2962178057181771,-0.3692329987774992,-0.3423050409032702,-0.37071060431325886,-0.3582323898180122,-0.39288190614625257,-0.39352679937871765,0.0,0.0,0.0,0.0,0.0,0.0,0.0,0.0,-0.0873704056661039
VS400-D,-0.2507945502750536,-0.33791262220707874,-0.2793287343675633,-0.1648451397996664,-0.23587685712163675,-0.24079618241379983,-0.2605444049415741,-0.26630085246396296,-0.2774130121649823,-0.31769570787507234,-0.2695336321290104,-0.2732729830558234,-0.31375761327413776,-0.3186235758103173,-0.32178099598155696,-0.39722492882085164,-0.2848482361469446,-0.29539627888512954,-0.3717139439038274,-0.34467018916382186,-0.3723053325902846,-0.3590233632491608,-0.3987623888521243,-0.39469993806229076,0.0,0.0,0.0,0.0,0.0,0.0,0.0,0.0,-0.0873704056661039
VS400-E,-0.2507945502750536,-0.33791262220707874,-0.2793287343675633,-0.1648451397996664,-0.23587685712163675,-0.24079618241379983,-0.2605444049415741,-0.26630085246396296,-0.2774130121649823,-0.31769570787507234,-0.2695336321290104,-0.2732729830558234,-0.31375761327413776,-0.3186235758103173,-0.32178099598155696,-0.39722492882085164,-0.28550934865206373,-0.31593444971131723,-0.3713213892952312,-0.3450643805405805,-0.37139405928912705,-0.3590233632491608,-0.39381059892987097,-0.3974030225866527,0.0,0.0,0.0,0.0,0.0,0.0,0.0,0.0,-0.0873704056661039
VS400-H,-0.2507945502750536,-0.33791262220707874,-0.2793287343675633,-0.1648451397996664,-0.23587685712163675,-0.24079618241379983,-0.2605444049415741,-0.26630085246396296,-0.2774130121649823,-0.31769570787507234,-0.2695336321290104,-0.2732729830558234,-0.31375761327413776,-0.3186235758103173,-0.32178099598155696,-0.39722492882085164,-0.2861704611571829,-0.29539627888512954,-0.3713213892952312,-0.3411224667729943,-0.3723053325902846,-0.35979882739734564,-0.39678241583744983,-0.39686240568178033,0.0,0.0,0.0,0.0,0.0,0.0,0.0,0.0,-0.0873704056661039
VS400-O,-0.2507945502750536,-0.33791262220707874,-0.2793287343675633,-0.1648451397996664,-0.23587685712163675,-0.24079618241379983,-0.2605444049415741,-0.26630085246396296,-0.2774130121649823,-0.31769570787507234,-0.2695336321290104,-0.2732729830558234,-0.31375761327413776,-0.3186235758103173,-0.32178099598155696,-0.39722492882085164,-0.2868315736623021,-0.2966285691347008,-0.3717139439038274,-0.343487615033546,-0.3732166058914422,-0.3582478991009759,-0.3952965073836604,-0.39902487330126996,0.0,0.0,0.0,0.0,0.0,0.0,0.0,0.0,-0.0873704056661039
VS6ML,-0.2507945502750536,-0.33791262220707874,-0.2793287343675633,-0.1648451397996664,-0.23587685712163675,-0.24079618241379983,-0.2605444049415741,-0.26630085246396296,-0.2774130121649823,-0.31769570787507234,-0.2695336321290104,-0.2732729830558234,-0.31375761327413776,-0.3186235758103173,0.6950493372554306,-0.18728142477780738,-0.08387003459071618,3.2016380676898466,-0.13539606952889682,0.18512302119975732,-0.05928295364266142,-0.389654197102463,-0.33177392098416186,0.3432421370885339,0.0,0.0,0.0,0.0,0.0,0.0,0.0,0.0,-0.0873704056661039
