AR_Ref,2024-01,2024-02,2024-03,2024-04,2024-05,2024-06,2024-07,2024-08,2024-09,2024-10,2024-11,2024-12,2025-01,2025-02,2025-03,2025-04,2025-05,2025-06,2025-07,2025-08,2025-09,2025-10,2025-11,2025-12,2026-01,2026-02,2026-03,2026-04,2026-05,2026-06
PH0001,565.6283999999999,478.1731,309.19849999999997,312.0,453.6216,245.9687,505.3991,271.0106,370.0,382.0281,373.8535,339.1331,384.4615,356.0037,380.5201,274.0,251.8227,351.1773,470.1001,466.8999,329.662,526.8302,334.5078,248.0,485.83639999999997,363.1636,419.3583,336.2782,372.3635,128.2694
PH0002,136.5427,124.6589,117.373,120.3943,128.2374,125.2392,109.1033,116.9347,105.5985,120.66290000000001,134.187,124.53,127.9384,111.7123,130.8959,110.205,121.7298,106.5603,84.4627,110.71849999999999,122.0117,119.9868,107.7349,129.9646,138.5042,141.4048,120.0737,113.5175,128.8817,37.1351
PH0003,559.0868,567.6328,488.6451,357.63530000000003,369.2006,300.8599,240.2974,285.1503,225.3503,331.9284,258.2131,498.0,221.0,234.0,467.0,256.0,329.5017,339.4101,327.0882,274.5312,302.7086,299.7602,188.0,200.0,454.0,197.0,318.2881,363.1084,288.6035,181.9194
PH0004,596.7118,380.2882,372.1958,310.4301,511.5137,542.0109,390.218,318.6315,384.7664,529.8756,441.1521,377.3751,464.3138,240.9566,454.5443,509.0161,353.0203,451.78639999999996,448.1933,559.4033,498.0532,376.5241,343.6992,469.3202,436.6555,438.2424,360.5127,560.5361,420.41319999999996,92.53880000000001
PH0005,549.894,571.727,488.4326,480.81960000000004,539.3232,335.2165,610.9933,530.68,551.4046,547.5092,402.0,473.8353,440.2231,482.41290000000004,419.5287,407.99809999999997,445.9801,461.8758,591.5803999999999,396.7869,521.9923,326.7864,611.0,426.0,471.63710000000003,404.5767,472.4457,316.36379999999997,494.9767,176.4101
PH0006,248.167,204.8366,217.0091,214.1039,197.58350000000002,255.6415,201.6584,145.2494,153.5181,209.8278,247.4047,257.6423,144.95420000000001,231.5712,144.9291,206.9032,223.7882,247.0702,203.3765,145.5812,193.4633,169.6727,183.5269,129.7307,211.7903,103.4584,224.5416,126.2739,172.7261,74.6043
PH0007,282.7443,267.4394,296.7139,269.0712,259.5303,263.4453,271.5211,277.3699,252.5384,233.2746,244.7646,223.1867,266.6734,286.481,288.2737,271.7146,275.76279999999997,211.0239,290.8996,262.0318,276.80219999999997,240.4632,317.2754,274.659,270.1139,177.3358,269.5215,271.2502,285.1183,48.3364
PH0008,132.1462,122.9496,90.5769,107.3005,129.7871,105.4755,110.4799,128.3492,114.58489999999999,118.777,101.6342,106.7562,128.2823,83.5217,110.6819,128.1503,127.9896,110.3195,138.3732,142.2607,119.6957,122.7652,105.3198,131.9441,138.9269,102.8438,125.0682,121.06530000000001,103.6692,40.707499999999996
PH0009,270.5542,249.593,248.3524,319.8677,262.1523,268.1244,283.31260000000003,263.9819,264.0584,276.0031,285.9594,264.4991,253.8278,266.7364,306.73900000000003,237.4781,267.3755,253.3578,282.1175,290.1718,277.8925,335.27,252.9596,257.6838,302.5732,252.125,289.4511,291.7824,330.5661,109.9418
PH0010,486.2585,222.7415,206.8485,250.3081,205.60150000000002,207.8469,235.5586,213.2318,212.3457,405.2589,387.8136,371.1198,512.1677,175.1304,214.6679,225.1006,250.168,201.3595,145.3245,221.3206,154.4774,576.7315,147.8757,475.7279,507.3324,273.8162,221.8699,167.952,229.6452,73.42320000000001
PH0011,592.3449,458.1837,420.7821,487.9369,402.613,573.4599000000001,510.8046,393.4495,373.3196,608.4832,510.9039,508.9027,421.0672,484.6436,527.8453,334.76460000000003,436.6626,488.6512,346.3856,549.0341,348.7027,579.8723,462.46500000000003,472.7218,627.0,482.70169999999996,354.6164,405.7174,430.9645,195.4429
PH0012,302.4417,253.3825,336.5716,283.9483,320.7066,245.6675,289.5382,247.7436,259.4032,301.2719,294.00509999999997,229.3198,222.5741,214.4259,249.6756,284.1067,221.2153,274.2837,269.7187,241.2681,268.4104,321.623,261.0834,351.0768,259.3194,264.2348,274.4863,278.90049999999997,276.2105,86.5092
PH0013,553.2804,549.2049,467.65430000000003,477.4315,403.6068,493.70009999999996,350.3042,404.8178,397.54019999999997,450.8044,528.6042,446.5464,578.4276,315.1546,540.8766,406.046,525.6786,549.6838,483.63759999999996,409.71299999999997,485.287,421.0,360.0425,474.56579999999997,437.832,269.0316,585.4802,502.113,475.5776,187.7604
PH0014,275.621,274.7052,274.9885,272.2344,247.2691,252.1997,189.9821,226.0,228.4731,237.0849,289.12669999999997,262.1023,312.9952,199.2178,245.0,246.7782,252.2218,315.7549,222.24509999999998,221.5174,221.7784,300.5628,141.1414,223.5639,161.4953,218.5392,297.6503,246.00310000000002,227.0416,81.8437
PH0015,197.6018,208.145,191.2775,216.72469999999998,237.5865,549.242,527.0902,437.0151,173.4899,174.6996,210.8579,181.9195,208.1687,174.4956,203.0821,161.8082,211.6623,461.8995,372.2658,295.0142,187.7541,220.7446,179.1488,199.3041,206.282,168.4469,186.9596,181.887,186.6615,82.96719999999999
PH0016,593.0,446.0849,328.3687,527.1807,319.6151,565.7506,448.6613,348.9724,460.7299,563.6364,516.7427,446.5073,617.8989,514.8611,400.5606,537.0866,478.3428,409.034,422.6528,369.3132,556.0,346.1017,298.2771,539.2273,329.5122,496.1235,612.7699,454.4615,575.7048,233.53660000000002
PH0017,292.51370000000003,276.9424,261.82710000000003,263.0316,214.6852,278.2031,289.5181,273.8571,291.8944,252.1518,257.1255,305.49830000000003,274.5556,246.5882,265.3748,249.6094,272.6506,258.1398,223.3931,299.6758,324.7644,166.19819999999999,286.3138,271.9469,264.52139999999997,264.1256,274.1558,250.8279,247.7141,62.6751
PH0018,625.8216,566.2018,460.9766,233.3689,434.3227,371.3084,443.0,456.0,296.0,403.778,406.39979999999997,476.7201,456.60990000000004,417.49219999999997,429.4309,373.5018,334.3295,390.0475,286.548,472.3617,510.4153,399.7918,323.0322,416.7115,470.4396,487.1308,297.7458,503.3154,355.8213,158.9115
PH0019,292.3081,247.13850000000002,316.7133,334.0837,235.0984,254.9915,207.4554,281.4926,186.8194,266.5744,190.7858,263.7431,344.6428,191.153,298.8068,222.2828,279.605,223.6379,250.8929,313.8442,219.9304,200.9102,308.464,229.4243,287.1244,184.2828,227.7943,258.87,281.13,42.766000000000005
PH0020,103.7097,114.7277,110.7462,135.4818,119.9791,106.0402,133.4201,118.1327,125.5416,124.367,128.8236,123.8643,129.359,94.4191,143.632,123.3637,119.7714,110.00829999999999,124.0921,119.1049,105.2968,131.662,116.8315,134.9793,116.631,82.0615,109.1853,125.1169,105.9532,44.239399999999996
PH0021,481.7534,450.3559,601.5994,480.9959,302.2954,317.6915,333.3085,245.0281,425.2444,276.7634,493.0777,283.8864,302.0,203.81130000000002,258.9911,308.19759999999997,403.3058,296.6942,424.642,337.358,403.1038,341.8962,227.3591,271.6409,489.0,273.9019,304.425,406.6731,358.2896,153.561
PH0022,128.583,120.9728,101.8468,119.0299,92.0086,98.5816,125.9422,111.3498,92.7315,121.4814,119.4259,136.8392,137.5861,114.68900000000001,119.08109999999999,108.53739999999999,110.6232,127.0475,125.2054,106.2304,106.7506,106.4211,99.3926,110.8894,128.6559,96.3408,141.1275,127.9838,129.3939,38.2114
PH0023,283.312,239.6929,273.5101,260.4011,268.0801,285.8072,199.1966,236.9154,242.9089,229.0556,227.2275,181.2589,226.63150000000002,278.1148,119.0578,304.8627,140.1573,245.8096,167.42849999999999,265.8067,271.3548,281.3223,196.0877,215.9629,119.0942,286.406,159.662,179.8749,200.9396,82.3638
PH0024,154.2208,121.5005,132.5786,117.87010000000001,102.4852,123.8092,107.6035,128.2216,116.6566,114.9171,134.3669,121.45870000000001,100.52120000000001,129.9403,121.2929,105.7265,116.07339999999999,124.2699,122.6819,112.4493,128.4819,115.6515,112.4729,154.2091,121.409,92.4935,139.619,126.8706,116.6297,42.5338
PH0025,620.848,348.152,609.0,384.72040000000004,445.2796,298.6801,539.8079,511.512,229.99009999999998,348.5881,614.4218,311.4092,447.5908,424.4916,319.2326,664.1779,249.51760000000002,406.1223,621.2612,424.1048,251.092,523.374,457.3322,396.0392,650.6019,310.6062,480.0465,316.71840000000003,533.2816,73.44550000000001
PH0026,718.7677,485.14300000000003,145.8345,142.9216,160.9445,127.577,152.01069999999999,154.7259,107.1572,155.5559,691.2727,594.5649999999999,629.1086,334.1638,153.1217,127.21589999999999,138.2641,147.1537,149.6596,139.76749999999998,133.5258,115.568,742.0,546.7378,227.9519,414.9538,159.1051,146.32410000000002,144.4116,42.9376
PH0027,119.133,125.05869999999999,96.0113,106.2836,127.4118,110.9798,133.8944,112.50150000000001,105.1502,113.0176,108.4922,114.471,114.6129,99.6827,119.292,112.96509999999999,118.6591,133.1671,140.4491,98.8827,133.1435,120.0607,104.6709,116.2942,121.59570000000001,103.487,103.0247,124.3725,120.9071,41.2033
PH0028,280.7015,267.4874,285.1809,247.58169999999998,231.4389,197.6728,197.6226,222.5243,257.478,282.2813,285.3592,241.2119,226.7165,182.0936,311.6494,261.0,216.2178,243.3486,254.40540000000001,251.1107,237.0212,281.4662,273.2028,275.9272,296.4298,257.5941,252.12120000000002,222.0081,257.23789999999997,74.5399
PH0029,293.3149,193.1399,154.5371,165.5331,291.0255,189.0084,252.3243,237.9596,249.0175,162.6467,192.941,174.3606,238.202,170.8579,199.9523,117.5389,262.3586,178.71710000000002,216.6403,219.3639,160.94740000000002,219.22990000000001,283.3972,279.4285,230.3841,180.1266,188.7086,219.3889,250.9488,26.861299999999996
PH0030,497.9754,287.0246,192.5883,236.8811,160.5306,205.6969,270.9759,212.3272,208.4098,484.5902,357.7392,264.651,534.8702,215.611,215.884,182.6525,146.4917,244.4846,254.2919,207.166,183.825,405.8018,568.5276,267.7512,504.2317,385.4225,244.62449999999998,159.9736,188.7416,68.943
PH0031,856.5568,840.4431999999999,99.0628,125.2548,136.5782,135.4767,146.4252,166.8023,131.8125,126.8807,644.9892,443.1128,715.0298,391.5895,153.9237,146.9007,135.9111,141.5211,134.7594,121.2507,135.6331,113.3215,495.33930000000004,560.0,544.0,628.2298,87.5757,120.8267,120.3682,39.9395
PH0032,223.6864,253.7257,216.8073,132.143,203.5074,241.7624,162.4833,241.7688,155.2606,209.31459999999998,156.1693,221.574,137.5689,194.7325,186.24,255.208,128.58689999999999,220.4609,295.0,259.4535,172.10229999999999,179.6235,164.0744,250.4256,255.5867,181.1083,164.53379999999999,311.4066,211.6431,50.4821
PH0033,123.3257,138.6826,116.2855,125.2065,121.7348,114.037,100.7059,112.5518,123.4879,113.096,124.375,124.3628,128.8786,106.4153,147.8852,107.1957,130.7558,123.6473,115.8942,116.6627,118.5147,129.1228,79.2133,163.335,101.9868,96.7999,165.4207,114.3793,147.9115,47.098600000000005
PH0034,567.7696,527.5173,356.7131,392.0,360.0,426.4719,270.5281,308.0,340.731,486.3967,417.23199999999997,456.8944,429.62940000000003,333.1165,346.0,334.0,406.0,296.0,458.4517,333.5483,434.0,377.0,368.4645,411.073,413.4625,326.0,356.0,298.0,308.0,118.3582
PH0035,111.71,119.6238,106.2462,112.4176,135.399,105.7533,135.6448,122.8109,118.3131,138.1045,127.86240000000001,150.7841,122.2793,136.0413,113.9771,111.5651,120.2285,107.7637,106.993,114.919,118.3758,111.7542,124.1579,129.7404,144.2708,115.4392,121.0565,114.0292,117.9014,55.61
PH0036,609.9636,623.2562,271.1293,405.6509,419.0,418.0,577.0957999999999,542.9042,352.0,448.5943,513.489,431.9167,448.4552,245.4384,595.1064,423.284,379.716,308.0,385.2521,410.0615,464.7618,579.7089,457.6033,385.6124,467.65749999999997,462.8003,411.2797,410.3102,455.5065,210.2952
PH0037,213.9865,253.5637,180.4812,243.95829999999998,204.2918,228.35229999999999,220.79520000000002,184.089,151.1057,180.19060000000002,272.3183,118.7541,146.9494,188.54,299.4804,193.3609,214.06380000000001,234.0946,173.61180000000002,119.41890000000001,290.4328,207.3829,189.9369,241.6261,222.7271,245.0609,173.2939,185.1199,158.1819,98.7036
PH0038,533.1215,416.5159,470.0217,473.34090000000003,348.3779,441.0943,484.5907,217.4794,454.4577,428.88870000000003,466.8458,240.305,303.7028,526.5606,362.686,308.2753,544.1159,333.2036,440.3353,485.3946,382.4927,277.7601,508.4336,426.0,505.0,367.8968,419.5924,311.183,492.1262,67.8856
PH0039,311.0492,263.662,289.2591,263.913,276.797,244.8751,201.6726,220.772,278.0,233.8542,269.7098,291.436,265.9035,242.23930000000001,184.0739,252.7833,253.659,258.2658,301.6806,311.4722,190.3047,206.6177,218.2119,310.8388,203.9493,240.7815,201.1042,189.1143,251.0,46.9929
PH0040,472.5015,553.3812,202.285,227.5052,235.87290000000002,250.9954,232.6154,224.6468,186.0001,342.0,350.07529999999997,448.7366,319.1845,374.619,208.7171,208.5943,249.3532,241.1374,203.4114,221.3437,244.4072,365.4203,346.0964,296.8496,297.4176,425.9818,227.55270000000002,167.1019,220.1331,65.7667
PH0041,649.6360999999999,499.3453,603.6772,313.4183,583.9231,558.9472,597.7558,297.7011,522.5959,601.6457,569.1518,423.2025,451.4626,455.8811,565.8418,593.5712,277.6004,599.1354,354.1823,463.0638,553.1821,359.9576,443.1217,491.3172,494.1418,255.69150000000002,529.8495,471.6606,589.581,147.9361
PH0042,288.9618,226.5675,325.3845,270.7218,324.7686,181.7192,287.5786,269.298,233.948,266.3668,251.0398,256.4389,305.8192,237.2348,188.9364,288.8723,230.3374,118.3944,259.612,272.8363,172.7721,251.7954,255.5962,232.5831,248.6651,215.7518,236.75889999999998,295.5172,290.1006,106.5988
PH0043,726.9586,562.6065,506.0839,514.351,485.0,357.8771,511.693,472.4624,410.9675,527.8072,509.1928,388.9102,386.4476,418.9105,494.7317,457.0,390.69259999999997,404.5238,313.2392,609.5444,344.562,332.438,446.0,486.808,290.4141,458.1964,411.3671,280.1437,421.225,252.28699999999998
PH0044,92.0905,112.8791,93.799,112.2252,123.5299,108.932,133.6687,116.6082,130.1101,116.6482,128.5204,113.4603,115.2513,129.8646,114.3405,125.83239999999999,115.3265,108.5476,99.7079,108.5746,93.6636,120.7533,137.7433,129.6118,131.311,100.1328,104.9222,131.1538,112.1982,36.3867
PH0045,129.2494,120.2445,123.5044,125.3719,100.6765,118.7058,111.98310000000001,139.0732,109.8658,129.7498,107.1564,124.6846,111.5503,102.6449,117.913,124.80799999999999,106.5034,113.524,113.25319999999999,122.7937,131.2666,144.19050000000001,128.2208,111.2165,127.0912,110.4121,112.5409,100.2119,113.5488,26.0292
PH0046,618.3406,567.0799,539.7742,333.0349,390.7704,511.0519,314.9162,562.5518,434.6726,409.7441,500.365,515.1678,360.50669999999997,548.0239,292.3448,519.6552,539.1644,483.8199,429.0157,440.35699999999997,329.05150000000003,458.5915,414.0399,474.7359,571.9873,492.0356,424.2013,386.9539,417.4824,183.9657
PH0047,545.1969,415.4216,410.3815,350.2001,339.4775,508.3224,301.5,275.5,546.4757999999999,468.433,448.5734,352.2023,418.0734,561.0648,243.7836,500.8797,561.7272,399.7868,512.0,378.012,457.19780000000003,579.9134,427.8768,462.2872,447.6856,425.4962,421.1261,394.4049,535.2659,192.2616
PH0048,285.4919,262.5315,225.56900000000002,273.7892,298.7835,229.11599999999999,277.6086,281.1853,244.2013,307.6456,268.6336,244.4047,279.4321,255.7735,270.6628,294.6227,313.21999999999997,311.135,215.1988,280.1601,280.1402,296.5195,260.5697,255.06,260.7639,232.556,248.0438,277.761,248.6374,106.3905
PH0049,473.6377,396.3623,298.4252,425.5748,385.0,278.0,449.0,392.0,406.6382,299.2709,379.0909,520.0,583.7837,331.2163,440.0086,287.9914,492.0,302.7468,382.2532,358.5194,333.4806,281.0,473.1773,246.1264,249.6963,286.4077,394.377,459.2153,387.5818,224.4318
PH0050,657.6888,526.0359,406.2753,541.5715,475.95120000000003,400.4773,571.0,294.5277,463.3854,509.928,597.3022,546.0127,305.3694,462.4746,485.1556,320.4747,602.3697,379.9758,609.8605,488.2545,268.9092,605.2968,287.3891,528.0561,434.0531,343.2049,460.8553,407.5123,496.6324,216.7131
PH0051,127.0009,120.6947,113.9252,134.3156,133.2058,108.69409999999999,119.1832,119.7931,108.6117,124.9096,120.449,128.336,96.0253,96.4867,106.2034,92.1032,99.8704,124.6799,136.4638,125.1413,101.4593,114.5789,122.6128,93.386,112.5894,115.7843,130.6517,96.1993,127.9974,35.7223
PH0052,109.0866,94.9441,107.9484,116.57469999999999,128.5644,118.0149,120.2516,118.2277,100.1957,132.821,133.0178,126.1885,98.0995,94.2114,107.2249,119.7098,114.0395,116.2457,107.5402,92.6455,112.2954,114.7365,134.8563,135.1612,121.0311,108.042,150.8615,128.6812,113.7118,51.8998
PH0053,161.4206,185.0966,262.3166,172.7546,230.6193,214.0327,171.9751,280.3444,201.4401,266.3716,160.6284,159.5991,269.0453,162.3556,168.195,276.146,148.5023,231.1851,166.361,168.3247,240.98340000000002,182.2399,199.21,192.8892,160.2817,90.9361,278.3787,246.7692,219.17770000000002,72.6775
PH0054,116.8699,116.8694,94.1463,110.357,99.5204,105.6279,128.213,107.0497,116.9729,123.3227,126.36789999999999,114.2074,112.5833,97.4285,119.45259999999999,82.8351,117.0759,131.5736,127.4695,127.9223,119.0531,111.5524,88.66720000000001,117.5241,115.1319,90.5574,147.6139,121.7096,136.9958,39.387
PH0055,227.6918,199.8453,191.6497,162.7808,225.74190000000002,389.2905,471.0,477.821,125.2985,179.55610000000001,204.8691,197.9347,189.8077,199.1112,220.3976,209.2263,140.4073,464.3915,517.5856,266.9333,154.3992,182.053,214.4797,198.7353,185.2765,156.1937,165.3202,191.9516,196.8918,63.528299999999994
PH0056,190.73409999999998,187.43959999999998,156.4025,196.7785,239.08599999999998,192.53549999999998,217.2776,187.4957,129.75119999999998,193.1714,266.9847,235.883,116.4534,220.8195,267.1856,198.9214,251.24960000000002,189.2869,94.71520000000001,241.94129999999998,119.07589999999999,189.4745,225.2665,296.4258,188.7173,215.1556,168.7276,148.3201,182.1643,77.1253
PH0057,641.2661,550.7339,468.0,250.3163,389.4894,406.8136,457.5262,410.3254,444.0403,601.7206,465.7088,410.4877,402.0944,354.4773,392.0,365.0,605.8215,374.6322,447.0908,313.8448,304.0836,435.048,256.968,540.888,268.1975,410.077,271.6438,397.2521,435.7793,161.5615
PH0058,126.22789999999999,129.5437,126.5436,135.4314,112.333,117.5035,139.3241,121.9915,117.7014,112.7018,106.2448,120.7802,126.1759,90.2559,125.5437,119.7556,127.6115,123.5601,126.0051,124.0764,142.5724,158.7592,103.8321,114.5923,107.1928,107.1446,105.3774,129.0376,107.1627,54.2716
PH0059,616.7668,518.3129,600.9404,559.5338,313.7529,502.6932,387.1409,427.8591,431.8472,364.1528,547.3938,570.3835,555.2227,256.2519,513.7481,366.46500000000003,446.535,397.1475,214.8525,640.0895,259.4796,591.1534,478.055,555.8602,586.6967,254.1461,498.6932,275.053,472.7733,113.26859999999999
PH0060,120.6817,101.3957,108.11019999999999,137.387,108.9118,111.22279999999999,116.2474,123.9268,123.7066,122.9708,126.0183,108.19500000000001,126.1251,128.4386,102.2984,113.2978,136.3125,109.9517,121.5678,103.5206,120.3273,118.9803,122.9675,122.32509999999999,137.8698,126.8363,115.6528,109.3432,103.3747,48.370000000000005
PH0061,692.0286,528.1315,104.2928,140.8595,137.4148,161.1858,145.5702,143.6562,100.2582,111.7506,624.0205,651.9011,636.5969,482.6897,138.6004,114.044,133.2218,130.7093,162.6584,140.2645,143.5396,123.9676,406.383,544.653,500.4413,543.0,97.6369,142.78379999999999,133.802,51.398
PH0062,338.0349,254.41479999999999,282.6555,260.65250000000003,289.8186,237.2299,222.433,235.1576,165.1918,192.706,268.3049,178.4005,206.764,136.0069,150.2291,279.1407,169.8593,248.8711,262.1289,213.5661,245.1829,238.93189999999998,208.8256,225.49349999999998,205.0,160.917,197.3105,224.7725,203.0009,10.9991
PH0063,121.9166,128.8553,132.0543,106.556,115.8799,107.72109999999999,113.9499,89.7499,94.9204,113.9567,125.152,138.9481,111.1691,106.8304,113.71900000000001,118.2753,118.9801,111.32939999999999,134.2545,121.0689,113.29860000000001,143.0616,113.8292,114.2418,140.0091,115.0491,113.2672,146.3792,129.9773,40.8917
PH0064,290.2133,233.95499999999998,168.9723,262.9242,193.9093,234.4673,282.6016,74.96979999999999,158.053,213.0856,223.8486,155.0314,207.9686,153.2571,224.4485,223.478,123.5562,264.3659,225.895,322.9926,207.9043,195.2187,145.4663,163.7916,290.5568,219.51319999999998,184.0974,254.5461,200.46359999999999,63.6731
PH0065,191.6022,191.1501,115.7743,206.8789,240.6593,166.3634,191.71970000000002,219.37439999999998,242.0678,211.2346,237.6077,161.64780000000002,242.3,214.441,230.4697,263.3314,224.655,103.39620000000001,235.8223,257.8879,137.5951,216.06539999999998,140.3758,157.3284,173.5648,276.6522,132.8567,226.732,158.9798,87.6876
PH0066,140.81470000000002,227.2349,205.4689,264.2659,205.0836,134.6734,221.0026,173.456,143.6481,283.2887,189.8795,181.8182,180.3655,111.2113,209.0536,196.0074,161.716,224.3288,215.8976,168.2338,185.5953,221.6363,212.1697,276.1502,169.07750000000001,167.0048,179.0703,214.8474,189.90879999999999,110.0743
PH0067,270.051,213.652,286.5415,233.60490000000001,180.976,170.8476,167.6393,195.0812,218.0069,179.2811,246.0965,195.3332,248.9382,228.4916,234.8331,218.7057,216.9202,141.2185,173.1474,202.6527,143.547,186.4129,192.9505,214.9077,201.55180000000001,159.6115,171.4384,192.7698,208.2205,61.869
PH0068,624.0,368.6324,496.0577,519.6607,316.4517,323.1975,524.0,607.2878000000001,314.7122,380.4228,388.6418,289.7734,415.77049999999997,450.3915,431.2854,308.0795,405.1342,407.8585,503.0479,463.5945,433.5234,451.4766,409.54900000000004,428.7332,443.535,432.1828,418.4746,457.7908,413.66949999999997,178.4956
PH0069,269.5035,229.3563,224.1402,240.1612,283.06419999999997,200.7746,256.8423,216.6685,248.3494,343.1061,267.9889,284.1388,291.906,149.6048,255.4057,277.2827,230.8829,215.8239,313.2502,172.22,279.2517,254.104,216.86169999999998,338.3095,287.9347,246.0682,164.8907,249.0961,267.4713,76.5201
PH0070,127.7807,144.4,101.54729999999999,118.54610000000001,136.2312,118.5504,128.76069999999999,124.0519,112.5867,127.2822,128.8945,140.5185,129.96529999999998,109.7525,114.9135,144.0225,121.7391,115.7456,113.9179,112.6309,127.3722,112.53,139.6736,128.6459,125.5762,132.5125,117.8931,120.6835,111.0591,39.236
PH0071,179.9329,245.6674,200.2388,249.1609,216.8374,169.1387,223.2974,186.1451,158.1005,278.47339999999997,161.1881,217.034,184.8016,211.9198,246.765,212.8454,165.773,186.3109,211.0144,155.3014,215.7662,166.865,223.7011,207.8998,225.3803,213.8468,196.72750000000002,154.3595,274.4739,29.021700000000003
PH0072,126.2622,108.3279,127.8152,122.6472,99.1576,106.476,105.8428,115.9713,106.4805,121.3924,115.4881,130.5842,122.3773,96.4292,115.6289,127.0016,130.30180000000001,118.5236,128.4728,122.9787,121.5699,140.6634,80.5688,120.98870000000001,133.0302,117.8707,120.9882,123.4854,95.7576,44.1006
PH0073,603.0,565.5729,215.6482,496.53069999999997,486.2482,421.53159999999997,311.6462,592.8951,348.0896,380.2335,465.604,421.1737,326.8263,447.6778,469.4029,482.8842,467.9003,206.0146,624.725,169.8416,513.4564,281.68739999999997,442.2441,498.0318,424.0784,374.0555,582.0431,352.266,542.2145,211.31810000000002
PH0074,601.8685,422.6308,496.2966,558.4153,344.91429999999997,486.3449,487.0347,473.7062,398.7887,389.0,307.0,457.6716,552.1656,330.0121,548.0167,425.134,383.0,410.0,342.0,511.2914,552.7972,493.9114,354.1092,372.4705,548.1404,424.69,326.5899,358.0,311.0,145.2028
PH0075,127.6676,103.6238,121.462,122.7967,125.2509,137.416,115.8019,124.6721,135.643,139.8002,118.5469,119.53020000000001,144.8908,111.6458,147.81459999999998,114.5135,123.1107,98.5168,92.5662,106.0593,115.6093,122.3561,124.4722,123.0686,116.927,105.4524,129.6551,113.0455,142.9384,35.2493
PH0076,240.6494,175.86440000000002,129.7644,286.4347,201.4309,235.1034,273.8146,108.7782,195.7722,199.6176,153.937,230.6335,197.9095,232.2902,244.1551,181.5171,180.8914,192.1813,251.1382,234.0123,205.0146,206.1177,184.6688,124.2536,216.5971,166.1189,248.6384,160.6955,198.7337,39.9982
PH0077,612.5204,328.2251,550.2545,403.5709,461.0344,457.3947,454.5728,361.6193,483.3263,336.6162,550.8654,425.194,491.965,536.3989,330.4714,550.9401,239.86769999999999,452.1629,420.09,243.5197,430.3903,506.4076,385.5293,490.0631,408.2174,402.7582,545.6193,484.5399,371.8652,37.7905
PH0078,255.8378,132.6133,193.0509,132.333,213.7834,115.38159999999999,164.2685,208.73399999999998,247.0539,207.1293,163.57569999999998,192.8773,226.2362,95.441,177.1247,191.8108,170.9611,181.4954,212.5019,163.92000000000002,222.8702,206.1002,215.7541,176.4182,241.0362,122.7167,183.7497,154.4731,169.94549999999998,89.642
PH0079,223.2766,151.4287,158.6714,181.9112,236.6025,182.3998,185.1248,179.4784,200.3986,193.2328,242.6954,255.7858,272.247,185.4613,188.1165,202.0461,173.0028,170.4379,189.4872,193.257,168.2332,192.5118,306.7572,170.3574,256.9274,210.9768,217.1053,284.5421,201.9848,62.759
PH0080,214.101,190.0794,173.841,228.92,205.3079,137.407,267.2438,207.0959,286.6365,219.8496,149.9509,263.3381,208.2091,181.9767,174.817,170.8596,266.6897,174.4572,266.9612,172.7441,194.6832,267.4934,171.3603,242.49779999999998,194.7766,246.669,194.4667,175.9917,215.1689,122.1046
PH0081,138.5524,111.6708,104.8806,136.0198,118.7879,90.8506,158.1002,129.9299,106.4289,137.2079,131.5575,128.597,108.9179,111.4257,125.3368,127.47710000000001,112.6856,104.4807,118.5974,113.3387,116.3527,85.8236,117.7629,115.0515,122.1921,101.7643,80.1596,96.7252,123.7231,28.7848
PH0082,623.8164,518.1836,435.0,303.8297,281.8413,382.329,411.7999,425.3628,233.9,517.167,471.7703,329.2097,467.9832,338.6523,420.1548,490.0215,339.0006,303.1645,548.5384,463.7022,368.1722,371.4006,442.0482,509.6401,483.1951,452.9433,328.1733,548.9455,247.5179,172.6556
PH0083,230.5714,176.3375,165.6907,170.782,199.1976,159.9685,234.8218,193.11419999999998,192.1077,264.0597,269.7183,207.0779,206.9267,207.4538,205.8718,214.94060000000002,269.8315,153.4745,217.1706,97.7691,120.8445,282.4042,198.5317,152.102,132.9731,226.8585,243.004,235.7706,251.0048,131.5084
PH0084,126.8469,108.7425,123.4195,151.4503,114.80839999999999,114.9499,98.8191,136.1616,121.2038,122.9842,129.5174,149.9962,133.4422,121.1988,112.4971,122.36919999999999,104.8655,121.1,120.6856,117.2639,122.0086,122.2461,102.2784,109.687,122.0786,126.4613,127.5288,136.8338,105.9165,40.193999999999996
PH0085,704.42,437.1385,516.1401,490.3199,508.2588,404.1663,413.7364,592.7286,282.7286,558.3628,588.4536,573.6078,462.9386,462.33820000000003,359.9852,476.9271,394.9531,589.3017,528.5064,554.8232,430.4072,583.3067,474.4512,531.5536,386.0839,561.6815,389.5538,530.1272,537.3977,177.9793
PH0086,550.0422,561.6338,573.4751,248.0667,567.7822,357.7276,269.2724,626.4148,447.1671,512.162,375.8867,502.6037,291.18940000000003,404.5763,434.2613,343.7387,453.2049,382.7951,379.6633,224.4696,585.3164,423.914,589.6367,434.181,246.8714,565.9476,349.99559999999997,404.0044,461.2096,215.6695
PH0087,155.5049,120.66420000000001,212.865,204.22220000000002,205.3727,194.0272,217.7334,197.67010000000002,180.7229,205.8482,233.0846,180.2178,219.4283,246.0803,190.5582,199.3991,182.2647,180.4381,196.09120000000001,180.76069999999999,182.5413,261.0515,182.3824,238.543,223.3435,247.4547,228.0402,168.9753,202.2304,128.9443
PH0088,139.2588,125.6167,103.1812,145.5084,109.4449,99.6611,110.9008,139.8225,123.04220000000001,138.3283,103.56530000000001,132.29919999999998,135.81459999999998,109.7993,115.06960000000001,118.3519,108.503,106.3873,127.0696,131.2944,106.8927,105.4722,126.3023,121.3489,105.5215,107.04509999999999,114.0629,114.8712,113.75919999999999,38.3678
PH0089,534.9588,525.975,534.3549,427.18149999999997,469.5298,461.4336,372.0096,493.0695,522.0634,599.1885,398.955,461.2804,544.8744,472.7567,491.6606,576.6474,534.5517,392.7155,484.8046,414.9891,612.1811,586.6471,478.2053,516.5193,622.2873,412.5154,429.6445,479.85290000000003,460.1961,237.2331
PH0090,521.687,469.33979999999997,182.5131,213.8582,201.9204,226.7786,261.9773,206.1389,193.6242,457.0374,337.7315,504.977,417.57349999999997,433.4993,220.788,203.1557,225.4138,202.2537,259.0263,200.781,201.3284,516.5973,403.9996,471.0,525.0,428.0,159.0784,196.2894,238.453,89.0129
PH0091,748.6793,306.39889999999997,140.4739,163.5314,97.4146,129.469,128.6016,153.6839,102.7527,164.9223,376.5705,319.0,189.0256,496.7384,130.7115,129.6492,97.5351,111.7269,145.6458,124.974,114.40090000000001,143.5718,324.0464,299.0,426.3177,393.0276,131.0175,154.0505,153.0249,48.241600000000005
PH0092,123.4977,110.5257,125.0371,126.2662,124.1799,128.1533,128.1123,127.1335,111.5872,93.2408,111.4907,98.3389,116.8108,102.8395,114.4303,120.213,100.3149,109.3036,121.27459999999999,117.2568,116.4957,136.1509,105.5605,111.1852,133.0791,111.2718,124.4714,110.9491,101.3327,43.423
PH0093,193.5508,150.2094,192.2916,185.9276,147.0306,230.243,245.6105,129.74079999999998,256.3957,266.8013,246.7699,257.9009,154.8263,183.2466,219.6167,171.766,208.2974,213.8496,188.9253,217.4725,231.2759,144.0035,293.0245,269.9137,248.2993,142.9504,291.3157,187.75300000000001,227.6288,97.0514
PH0094,488.676,243.32399999999998,212.0,313.0,380.44280000000003,306.55719999999997,295.71090000000004,287.90319999999997,381.616,321.3141,329.1369,247.0611,409.2578,243.0,515.4009,285.98,358.8383,292.7127,400.3746,360.6935,315.0,299.0,278.0,432.861,422.4206,397.8908,257.8276,406.1142,345.2477,175.6381
PH0095,555.2666,350.5698,444.1636,382.5935,501.5518,256.8547,581.156,472.2772,528.749,409.2662,481.5516,453.7741,441.6124,445.6135,416.5377,380.4623,632.7456,447.1419,538.0783,472.0342,355.4034,435.5966,586.7925,409.5667,607.5134,289.71590000000003,535.4114999999999,419.8319,284.3353,166.25879999999998
PH0096,771.0,447.0,118.7419,133.20759999999999,124.7913,149.9621,144.8222,122.4549,133.5127,142.629,474.1877,381.7792,299.2345,297.272,135.0751,128.77,134.73409999999998,150.0005,139.4976,103.2721,138.6135,127.9017,690.6828,266.1806,559.0058,356.1549,128.932,146.796,137.9801,49.077600000000004
PH0097,590.3739,497.7367,398.8917,387.4793,309.5184,294.9355,396.0645,474.0,471.4079,349.5332,325.1317,335.2903,414.44849999999997,365.676,489.0321,433.614,330.8663,392.2177,407.9268,397.47520000000003,332.38030000000003,441.0,295.0,377.0965,309.9035,246.0,461.0,449.6938,286.5138,114.1045
PH0098,98.9263,104.14620000000001,114.1034,114.1837,115.3053,115.6424,144.6127,130.1141,127.4085,133.1094,106.3513,121.731,115.1157,103.9466,131.3666,117.3218,125.6754,127.494,121.5331,133.26500000000001,128.7752,98.8094,102.1713,112.6266,117.4462,109.6607,115.78659999999999,100.9328,118.4532,49.8964
PH0099,311.3925,300.8638,312.35089999999997,236.78199999999998,296.605,294.0058,262.6063,290.529,262.4574,294.8901,250.3498,241.4421,264.4233,201.302,247.0489,285.5367,305.0392,220.5459,295.14730000000003,209.1463,294.8269,287.8653,304.9095,323.30719999999997,247.7648,205.2315,275.0825,280.8591,224.5408,108.012
PH0100,544.2558,485.7746,604.8794,538.7244000000001,367.2108,353.251,456.904,410.08979999999997,537.9102,343.4755,495.6169,485.0737,519.2055,349.19190000000003,422.9271,513.0833,410.6656,420.6902,353.0498,290.8988,463.5808,450.7442,502.623,409.67560000000003,397.4981,415.0,430.9021,531.1276,524.9703,160.9142
PH0101,844.524,792.593,161.9741,101.6514,132.168,117.9307,143.4398,148.1242,125.3519,142.344,292.1489,448.4048,345.4134,429.86019999999996,163.7504,125.9072,141.232,147.1003,123.287,151.0405,144.5196,146.8028,661.8019,348.0,373.0,692.0,156.5992,124.5576,141.39170000000001,49.5819
PH0102,112.5046,103.3745,119.0162,137.2104,101.2753,135.5441,121.53150000000001,115.0625,118.2407,115.9218,106.4958,119.8333,127.1453,118.07730000000001,120.05760000000001,113.1684,135.786,97.5024,109.8888,106.8658,119.5581,133.7827,118.4205,129.2894,120.8565,109.2308,115.6053,142.2271,115.0527,48.6004
PH0103,543.3525,586.6529,502.9946,478.0,456.8663,493.9689,523.9039,581.2609,521.7009,318.6629,427.7138,430.9224,429.8686,502.0913,426.8573,405.079,509.0023,452.1015,429.325,589.675,507.6274,380.2589,445.01279999999997,563.5083999999999,593.8488,466.7955,392.7146,365.5892,485.6444,50.1955
PH0104,282.9081,303.6506,291.2895,295.0673,284.4838,253.1927,216.2921,246.8998,216.9711,210.9604,230.8941,191.76500000000001,252.62550000000002,163.9238,254.3531,303.7556,207.6361,220.4385,260.1389,280.3457,187.9435,240.5718,239.462,204.0175,311.6499,190.591,290.8011,315.2271,300.42310000000003,80.7294
PH0105,209.6216,177.8243,197.8818,201.6729,206.1272,309.4017,325.81850000000003,226.4551,126.0266,156.8765,160.7886,179.0035,175.669,125.3679,209.8209,163.6846,173.0136,500.0365,185.5481,319.5535,140.3624,177.6941,199.0365,210.863,149.0538,182.6694,191.017,179.4213,189.2644,103.6864
PH0106,833.4278,651.2545,138.0294,135.1985,141.0345,131.7968,153.3734,165.5677,142.7498,164.5637,489.55675,384.0,433.0,451.6097,140.8116,151.679,131.588,131.2811,145.5135,137.4211,117.38669999999999,143.7196,474.98969999999997,530.6841,658.3071,377.70255,100.4788,141.6418,159.14249999999998,44.7654
PH0107,539.3785,324.30490000000003,513.4828,436.8338,552.0,528.9106,358.9431,633.6489,239.93110000000001,481.16089999999997,483.346,347.3554,535.704,406.0,406.633,323.4199,503.0498,298.8973,558.0337,271.2094,348.802,381.5739,532.1326,513.9396,434.9467,220.6911,426.8904,447.7806,361.21659999999997,174.9929
PH0108,270.5134,272.6021,208.0288,277.1916,272.2854,238.149,236.6019,244.9493,238.8866,280.514,261.4609,275.817,327.9134,185.3879,301.5116,290.7541,368.7116,270.4694,257.219,200.91150000000002,278.6336,237.4879,209.4509,257.7129,291.6318,214.4783,295.8252,272.4688,268.9021,68.82209999999999
PH0109,109.2993,119.47160000000001,104.4882,123.7299,117.4443,92.71629999999999,120.9192,118.5068,130.0833,118.4795,105.91,93.0073,130.6368,101.976,124.7994,116.7186,128.26239999999999,113.5557,96.8587,118.2318,126.9559,119.8563,126.2605,110.2148,118.3659,109.1764,100.625,93.5547,101.3292,48.8717
PH0110,137.3495,94.6243,98.0116,113.78659999999999,126.6143,119.3549,105.2204,131.1659,100.3421,119.6572,127.4483,114.3032,113.5439,101.7571,102.3807,98.2304,99.7447,94.99589999999999,137.9359,122.1463,108.9995,114.7749,108.0457,103.0333,136.2917,118.3456,108.8961,110.5227,110.3985,41.0479
PH0111,231.37290000000002,165.2926,172.2408,325.1769,175.6013,188.6512,203.6037,194.0292,219.3065,269.4883,215.3218,147.2437,254.8329,188.6916,263.2673,245.094,212.7912,257.43399999999997,243.3917,170.9245,209.9118,206.8559,181.0661,266.823,259.9403,143.6653,210.3649,227.6166,177.4381,40.992200000000004
PH0112,539.6984,492.702,439.3903,487.4666,457.7427,458.5064,546.7470000000001,550.0884,518.9863,338.4525,538.0087,442.4576,524.8149,308.9207,327.5613,574.3505,332.5352,643.745,552.0426,520.7829,337.15840000000003,417.84159999999997,407.9533,488.0467,444.3894,399.6106,398.3552,443.775,384.3152,217.4782
PH0113,597.7158,494.0458,412.6869,364.1593,545.1736,351.8553,393.3633,505.0,357.8075,599.6344,468.8529,488.1408,455.3728,257.71,584.7407000000001,269.2941,493.46320000000003,522.3251,416.3059,461.6501,389.7025,526.8113,303.6589,480.4126,558.4115,481.2291,362.3684,549.5644,313.7053,239.758
PH0114,126.2529,122.7791,129.663,125.70439999999999,134.8529,128.6019,118.6506,107.70349999999999,109.9454,135.5382,117.2737,92.7837,85.8706,117.75,126.3885,117.1428,124.50959999999999,131.0123,138.7178,118.2005,107.4246,128.6867,112.2201,109.2548,120.99680000000001,102.0176,116.05799999999999,119.5414,116.8244,48.3469
PH0115,219.293,192.27439999999999,208.8564,201.5874,239.8333,204.0213,614.8331000000001,306.5898,207.8226,219.3815,196.8492,159.95499999999998,215.6209,172.6105,182.7106,207.4564,176.6036,428.8378,462.18219999999997,324.0491,229.3709,146.2271,219.5882,213.0298,200.5889,172.7244,214.2747,172.4303,193.0225,206.3641
PH0116,566.9631,560.0177,456.2335,559.2935,527.764,511.9287,665.5632,502.3159,241.5751,538.2615,381.5824,462.7861,570.7476,425.906,363.0617,529.0116,506.6626,445.6308,632.0509,244.3736,611.6153,614.8576,393.603,430.8983,635.8621,402.323,422.4998,637.1379000000001,306.82,180.4779
PH0117,111.53059999999999,117.5934,125.6467,119.6956,142.5096,122.3755,120.833,97.6894,106.4572,115.7805,135.1867,124.5784,143.7902,98.7487,112.7321,126.1771,126.9179,115.0222,124.8566,110.0134,115.12389999999999,146.1044,110.6821,136.6852,110.7277,108.1738,131.3681,90.26,113.7769,41.0201
PH0118,183.4262,198.26919999999998,271.9834,296.82,188.4866,363.5641,228.1384,183.796,126.883,184.3836,239.9836,174.9404,178.547,118.3836,251.7162,164.7662,225.8918,307.0207,273.2508,182.0596,238.63400000000001,133.0878,181.4157,148.3053,165.74439999999998,137.5024,160.4943,128.5057,191.3438,87.9538
PH0119,149.3261,103.8765,113.6478,143.6916,127.8999,139.2396,113.6293,135.824,127.7952,104.0858,137.6638,111.9226,111.5958,125.3845,117.6623,122.086,96.6896,109.2491,118.33109999999999,105.197,122.1091,142.6134,117.1617,115.6128,107.7928,117.8207,109.5803,127.355,102.3429,27.1578
PH0120,111.7215,111.82339999999999,116.3731,125.7172,122.4864,107.9523,116.48179999999999,109.28620000000001,125.03359999999999,97.494,118.43910000000001,113.1912,129.9296,127.7106,106.7131,108.2866,128.3989,92.8495,148.5361,127.3002,109.2168,108.6362,127.8236,148.9398,136.6427,107.8215,104.0522,111.4187,114.7085,35.2037
PH0121,825.91025,457.7448,111.1417,129.938,110.7684,138.5603,152.66490000000002,151.514,139.0422,147.6072,430.7633,302.0,411.68535,261.6973,134.4162,129.0582,155.0591,138.7437,141.7761,117.0635,129.2896,122.90559999999999,329.77465,347.2632,394.1735,539.0,142.63830000000002,157.6318,130.5327,53.4238
PH0122,124.0739,125.50710000000001,103.4083,136.6988,151.3432,115.0085,97.341,118.2483,132.0367,142.6352,109.8703,128.8713,132.5626,123.8599,111.9205,98.5862,108.3238,112.0082,111.2702,106.583,117.1611,121.0076,106.1428,107.2632,136.6769,118.8864,133.4492,126.5915,97.6643,40.7333
PH0123,566.1794,459.879,408.7973,624.1443,420.59180000000003,268.39390000000003,534.0143,388.8159,383.1841,469.8249,345.1751,513.2318,528.3141,494.8017,247.9722,388.6802,542.2899,284.1732,561.5369000000001,485.15160000000003,277.7161,532.1323,453.0126,484.5493,513.173,512.9603,490.713,304.2718,522.3199999999999,77.6169
PH0124,176.5571,193.1487,224.9994,230.0422,207.1849,172.0677,159.7586,112.2414,198.1922,207.8755,112.0958,220.8365,99.714,153.0292,205.112,201.9366,140.7935,223.3187,140.2885,172.4865,125.8177,172.5033,233.1414,146.7892,186.7218,129.3476,229.3282,199.2795,127.889,90.9329
PH0125,186.9758,161.7882,213.94209999999998,273.3361,184.262,199.7409,181.34369999999998,191.8957,198.8418,225.8276,181.2579,220.0703,223.699,252.1123,306.9572,169.7503,207.8123,172.58520000000001,170.9655,254.24439999999998,198.76579999999998,284.1066,166.9066,123.3364,193.3623,234.5781,161.1599,239.0329,230.3256,81.0996
PH0126,140.7387,102.4041,91.7992,134.5815,124.4208,107.4664,110.3552,103.7133,127.10549999999999,125.4926,121.0085,111.78580000000001,118.7355,92.4816,153.5209,114.9551,118.7502,113.9402,144.2036,106.1006,125.6891,110.4661,113.6764,110.28229999999999,101.8606,106.40520000000001,119.1944,126.7477,117.6527,36.4885
PH0127,125.4035,117.9799,96.8391,117.8964,130.1777,113.6783,112.2882,129.9255,109.03020000000001,124.5674,121.6482,136.8806,111.4717,117.2136,116.1867,112.6002,129.0306,107.0596,131.5654,120.2511,127.2253,132.0319,128.8623,124.79820000000001,122.7048,118.4515,123.5289,106.7914,110.619,44.743700000000004
PH0128,620.4838,450.5162,346.93,309.4026,333.6674,387.7402,480.8003,370.4595,388.0,398.0,335.0,388.0,526.3791,363.6209,361.3218,285.4674,267.7776,279.70210000000003,389.99330000000003,249.2516,307.4136,228.3141,547.366,367.3925,364.0165,405.9835,313.0,361.61199999999997,309.8564,186.703
PH0129,245.3638,212.24349999999998,198.8173,248.382,287.7677,188.2584,256.8995,249.5432,243.71769999999998,166.6182,174.84,198.7772,115.2396,172.5118,140.2292,243.1683,188.6377,277.3077,277.3111,185.3416,244.904,205.7634,252.2416,236.579,193.2959,163.6626,240.255,214.4418,237.8594,73.42
PH0130,556.0,269.8568,194.1755,230.1263,188.0684,230.7998,188.4839,239.4064,200.7339,356.8872,191.9715,435.2796,283.7231,518.3127000000001,135.1419,195.2656,220.3313,142.0367,230.6705,213.8671,242.4563,434.4055,320.5278,463.4693,439.8432,438.1597,224.171,235.6736,221.7238,66.2014
PH0131,865.0,598.3243,107.6199,117.5782,117.05799999999999,146.293,143.3311,118.8276,149.5932,135.6608,482.4612,555.6106,358.71590000000003,496.6926,155.0365,139.0647,140.4524,112.9926,106.1661,132.3154,124.949,146.4671,613.3949,401.1613,585.1636,483.8286,106.9805,158.6931,142.65800000000002,55.703900000000004
PH0132,247.8077,258.8059,222.6206,345.6872,258.80129999999997,270.3205,259.6886,263.4708,257.887,324.6487,187.5186,264.9352,269.213,223.1835,214.5238,234.0823,252.6388,256.1665,324.7401,256.9187,272.6534,198.5479,261.8522,313.9056,243.6629,226.758,188.9612,214.5766,219.2644,103.24520000000001
PH0133,218.7197,235.833,270.5328,115.6866,270.0903,200.816,276.5943,225.225,287.5645,313.1075,177.85850000000002,195.9398,231.032,126.2623,282.1241,128.3539,274.6284,219.1863,234.0857,189.2269,215.9169,242.67860000000002,217.1439,238.2123,290.0662,154.00740000000002,199.4249,208.3202,316.9674,96.7105
PH0134,232.3867,250.0292,263.9464,221.8875,281.2544,231.54,287.9232,250.0788,261.4426,289.2825,231.995,200.2251,251.7397,251.1028,321.2805,307.6281,286.9617,276.5154,276.6239,272.1565,287.51030000000003,277.2114,306.7635,259.1832,230.1455,251.7086,265.5254,297.2861,252.68959999999998,95.3213
PH0135,659.104,477.25620000000004,370.7896,490.716,328.3737,485.1205,539.7771,452.1279,251.15290000000002,400.5821,445.74649999999997,318.477,414.4886,343.2974,368.9905,364.0,353.2831,350.5664,439.8607,493.0477,460.2875,501.2545,374.3475,459.5516,479.6797,495.7927,298.7128,511.3008,435.7444,125.57060000000001
PH0136,102.1743,100.4109,131.884,133.0729,114.8113,110.5653,132.6525,109.0148,125.1842,123.3896,119.79429999999999,116.7281,132.2192,80.4876,129.1268,124.985,137.6159,114.5914,144.8808,137.7472,121.3934,108.4021,126.8089,130.832,119.34740000000001,119.8765,121.7012,137.16490000000002,94.6905,53.0587
PH0137,282.1948,267.5629,223.6048,197.2262,182.263,295.8542,123.1779,218.4908,176.76239999999999,229.167,203.2111,230.6732,220.9409,152.7834,106.51219999999999,154.0308,196.99099999999999,232.5601,287.5937,200.6424,222.16570000000002,219.6209,182.5113,200.1643,285.93510000000003,150.986,207.7387,193.0935,218.1753,73.8903
PH0138,131.1034,117.3081,100.028,104.2654,156.89690000000002,127.56269999999999,127.4793,127.17360000000001,101.53,148.8966,128.8446,140.833,117.4165,90.9763,116.5841,138.7455,105.9007,115.6396,121.4469,125.062,109.3064,120.7122,133.6124,143.4078,103.3022,109.00030000000001,123.1852,127.6075,113.4965,44.025800000000004
PH0139,275.5362,247.514,285.3162,257.3054,306.514,208.6022,307.7779,251.2452,184.30349999999999,280.3572,250.83440000000002,331.6938,196.5705,221.4295,233.7822,160.2408,273.6517,177.7504,296.8134,185.6917,271.9445,220.488,242.62040000000002,170.2018,282.9302,155.8881,231.2844,270.3547,322.2591,92.1444
PH0140,540.9362,522.3114,508.1839,483.8872,581.5117,370.8614,346.2503,470.9078,437.95730000000003,393.1928,502.533,311.467,367.0,466.119,618.881,315.7762,560.1563,484.8012,450.7111,473.5552,336.2304,303.528,375.2416,465.89979999999997,471.10020000000003,442.98040000000003,397.1297,469.7002,539.1897,143.9788
PH0141,863.1048,875.4352,157.0696,138.6722,146.6285,129.451,112.8889,132.2357,144.7763,139.2811,371.4329,604.9831,455.47950000000003,354.5612,138.2023,135.7603,146.405,160.6412,130.1376,159.4317,168.5203,160.5006,560.7653,606.1229,557.4177,506.75870000000003,117.997,138.8453,148.3035,56.3559
PH0142,233.403,195.0939,251.0931,259.2709,276.616,160.7547,257.5474,205.6594,253.6718,246.296,134.968,176.04760000000002,229.3559,161.6666,209.6293,215.96200000000002,219.44920000000002,129.34539999999998,230.5803,132.5895,204.392,142.3578,165.4681,251.4101,256.4806,240.7628,224.1655,290.6839,191.5959,53.8745
PH0143,122.3626,86.2189,137.8184,127.6374,105.8658,107.6764,121.2642,148.3879,121.73,118.5512,108.9695,134.0258,113.2947,99.2037,111.6799,108.867,104.1661,133.6581,126.1855,107.9799,118.5558,107.59960000000001,117.2433,113.0347,119.8998,120.6872,106.46300000000001,118.9872,132.8639,42.428399999999996
PH0144,308.0588,147.7871,186.1646,197.9255,200.98909999999998,179.5012,229.2498,247.8932,213.1442,193.0117,258.3075,209.38139999999999,207.3681,105.6048,176.0948,136.5182,243.5411,124.53960000000001,198.33089999999999,123.58840000000001,267.7071,208.1287,131.0214,196.4389,226.1193,184.8434,245.4315,173.4953,193.6218,38.7216
PH0145,135.6381,139.9786,106.8368,89.3644,132.1301,122.2189,132.0746,132.5904,124.1261,131.4495,146.7851,130.9372,129.3826,89.7688,108.3608,120.3238,133.5651,150.31369999999998,134.5568,123.4255,117.4898,119.3694,105.2374,112.4418,107.6186,103.366,133.4805,123.1127,102.54639999999999,37.1532
PH0146,273.888,247.5501,253.1504,183.6778,223.3905,243.6393,207.084,244.5472,210.2878,228.0601,256.5615,284.7437,213.6097,209.1385,276.749,164.116,188.315,237.1927,199.0226,228.1847,222.0678,245.8195,279.3282,215.8659,136.5239,232.8979,205.4966,258.4219,153.2761,35.3245
PH0147,292.5573,221.6434,260.8427,292.4462,284.9761,245.2991,209.65,307.5537,225.0054,258.0261,202.3276,248.7485,233.2848,241.147,210.6272,282.7213,272.1436,262.5815,308.7673,270.6512,186.0193,310.3261,257.055,268.3136,312.286,277.0063,159.6543,323.1857,221.1042,108.08850000000001
PH0148,294.00690000000003,244.2625,275.5194,284.693,281.5499,301.42470000000003,264.6701,273.8239,247.69650000000001,250.9741,217.582,277.5692,270.2278,164.2767,271.5495,326.992,244.1818,256.5463,277.8661,220.11599999999999,281.0128,283.0063,245.9528,204.4997,280.458,179.542,236.3538,216.6462,252.8197,97.9439
PH0149,127.69760000000001,104.2555,136.0158,106.25540000000001,130.2116,116.1553,127.7692,118.0358,124.2949,134.7251,107.1437,126.2628,114.1622,112.9399,96.4787,109.9913,99.6052,98.1052,106.2607,75.3773,113.2568,68.4883,122.2949,103.3354,112.0883,111.7517,80.2767,120.3565,116.9081,32.1616
PH0150,123.121,116.0791,128.1746,142.8362,103.92830000000001,147.9434,139.7228,115.2632,109.9258,139.6118,108.5025,125.5855,109.5635,127.0659,109.865,145.3115,129.4469,136.3401,112.6268,109.6504,125.3479,128.6562,101.4923,116.74889999999999,129.4989,89.9618,108.517,117.6641,114.5115,25.160800000000002
PH0151,636.4346,603.7385,70.5822,164.4041,133.5376,108.8009,142.0721,122.17150000000001,111.3921,140.43529999999998,803.5087,643.2912,485.3324,317.3585,121.8832,126.9993,141.5776,141.6658,167.3194,152.8022,133.1626,142.0675,594.6358,458.4237,409.07460000000003,556.1162,138.0248,135.9574,134.8319,36.0668
PH0152,111.7383,126.3352,104.1574,103.9825,126.2967,126.7055,122.1774,125.795,131.7388,123.4967,115.0556,110.2732,110.0412,107.134,98.07560000000001,131.451,108.7264,107.0272,118.3982,125.1554,117.3122,108.3359,128.461,127.7565,130.7838,116.1821,139.4447,105.1225,135.36860000000001,47.3051
PH0153,114.0897,107.3958,131.7803,118.5852,145.1107,118.7547,124.9132,113.1297,107.81,138.0413,118.9028,124.6845,110.6289,122.9521,139.773,109.2507,115.7929,133.2211,111.3,119.1415,132.8004,131.1625,108.6298,129.1294,112.562,120.2984,107.9475,131.5236,99.7038,36.0777
PH0154,115.1058,140.8028,130.9342,102.4255,127.34649999999999,128.6465,128.7015,131.4682,121.6598,106.19030000000001,118.8043,119.3746,119.4695,91.47919999999999,101.9972,111.5211,148.1582,109.0289,108.6277,123.66040000000001,117.0222,102.7588,119.1148,146.6108,108.96770000000001,137.6772,116.38889999999999,137.2222,127.9862,32.0737
