AR_Ref,AR_Design,TotalSortie,TotalEntree,ValeurSortie,NbJoursSortie,MoyenneSortie
MHCH003,"EDAM KROON 1,7 KG",328198.36,333283.9,26564263.69,481,682.3250727650727
PHCH026,EDAM PORTION BABY KROON 100G ,182837.33,198025.33000000002,1925700.65,342,529.9632753623188
PPRF006,SLICE IWS OLAND 24P,158614.0,158614.0,2208175.81,314,501.94303797468353
PPRF007,TRIANGLE EL MEJOR CHEF 96P 16,128512.5,128512.5,6609726.02,348,367.17857142857144
PPRF047,SLICE IWS VIVA CHEDDAR 24P (12U),105083.0,108000.0,1426176.94,175,600.4742857142858
PPRF004,SLICE IWS EL MEJOR CHEF 24P,104566.0,104566.0,1412817.2,312,335.1474358974359
MJTM002,COULIS DE TOMATES VERDE 110GR,93607.0,93786.0,207741.24,362,256.45753424657534
PPRF050,SLICE IWS VIVA SP BURGER 24P (12U),59382.54,61430.0,785157.47,175,331.74603351955307
PPRF028,TRIANGLE EL MEJOR CHEF 96P 24,55417.0,55398.0,2824598.63,209,263.8904761904762
PPRF045,Triangles Original VIVA  96P      16,44157.32,47075.33,2004060.99,173,250.89386363636365
PFRF001,SLICE IWS BOULE D'OR CHEDDAR 12P,43414.0,43414.0,456977.45,381,113.05729166666667
PPRF046,Triangles Original VIVA  96P      24,42348.82,43970.0,1909202.34,159,259.80871165644174
1000664,WAFER TIFFANY BREAK 12*24*12.5G,38704.25,39524.41,6738255.05,131,213.83563535911603
1000723,TIFFANY BREAKSTA 12*24*13G,31930.0,33077.91,5558885.01,106,206.0
1000634,TIFFANY BREAK TIME 12*24*13G,26480.08,27250.0,4609031.42,115,158.56335329341317
PPRF038,SLICE IWS OLAND 24P (24U),26435.0,26435.0,367446.5,87,303.85057471264366
MVRM001,RICE VERMICELLI 125G,26408.0,28596.0,91989.36,297,88.32107023411372
PPRF049,VIVA ORIGINAL 16P GRATUITE,22538.33,22634.0,174075.13,124,181.76072580645163
PFRF002,SLICE IWS BOULE D'OR EMMENTAL 12P,20336.0,20336.0,214090.12,310,65.17948717948718
N-2005,CONFITURE FRAISE 450G DÉLICIA,19608.92,19608.92,2373018.77,120,163.40766666666664
1000589,WAFER PICCADELI ROXTA 12*24*20G,18086.0,18504.16,3148699.63,96,132.01459854014598
1000591,WAFERS BARS TIFFANY TEAM UP 12*24*20G,17079.0,17081.5,2973385.3,101,121.99285714285715
VS6ML,Vatika Shampoo Nourish & Protect -6ml,16862.5,34525.2,638463.77,65,221.875
N-5004,DOUBLE CONCENTRÉ DE TOMATE 37CL DÉLICIA-VERRE-,16212.66,16212.66,915397.02,81,200.1562962962963
1000724,PICCADELI BRIO 12*24*20G ,16202.0,16628.16,2820703.47,111,104.52903225806452
N-2002,CONFITURE ABRICOT 450G DÉLICIA,15283.92,15683.92,1614584.26,96,159.2075
PPRF054,TRIANGLE VIVA 3 FROMAGES 88P,15225.17,16635.0,1046107.32,132,111.94977941176471
N-7004,MAQUEREAU FILET HUILE VÉGÉTALE 1/4 JOLY SOUS ÉTUI,14462.85,15569.0,4522568.34,135,107.13222222222223
N-2006,CONFITURE FRAISE 900G DÉLICIA,13430.99,14590.99,1532021.6700000002,96,139.90614583333334
N8003,EVONY ADULT DIAPER LARGE 10*6 MA,13275.0,13625.0,2308947.08,60,221.25
N-1011,MAQUEREAU ST + PIM   SVN 115 GR,13116.5,13516.5,2623408.97,81,161.9320987654321
N-2003,CONFITURE ABRICOT 900G DÉLICIA,12680.5,13607.5,1211197.72,84,150.95833333333334
N-5005,DOUBLE CONCENTRÉ DE TOMATE 72CL DÉLICIA-VERRE-,11657.83,11657.83,1202917.3599999999,86,135.55616279069767
100719,PICCADELI COMBO 12*24*17GR ,11132.17,11134.42,1938066.39,109,76.2477397260274
N-2004,CONFITURE FRAISE 240G DÉLICIA,10762.75,11692.75,749691.99,106,101.53537735849056
N-1001,THON HUILE VÉGÉTALE 1/4 JOLY,10416.15,11216.15,2245974.2,81,128.59444444444443
MKT0010,CARTE RECHARGE 5 DHS,10221.0,10243.0,0.0,233,43.86695278969957
100721,Wafers Based Tiffany Break 24*12 MAXI 26gr             ,10215.92,13650.42,3556387.03,93,72.45333333333333
PFRF003,SLICE IWS BO MOZZARELLA 12P,9900.0,9900.0,104254.58,299,32.78145695364238
N-5003,CONCENTRÉ TOMATE 21CL  DELICIA*12PCS,9851.24,9851.24,778351.21,72,136.8227777777778
MRIZ004,RIZ ETUVE ROZALINA 1KG,9728.0,10503.0,150161.72,115,83.14529914529915
180000713,TIFANY CREAM 80G CHOCOLATE(*24),9268.0,13692.0,275830.01,64,101.84615384615384
180000715,TIFFANY CREAM 80G VANILLA(*24),9015.0,12864.0,268296.56,64,95.90425531914893
10000721,WAFERS Based Tiffany  Breaksta 24*12 MAXI 26gr,8555.92,8558.0,2979045.67,72,82.26846153846154
MVRM002,RICE VERMICELLI 250G,8500.0,8943.0,59273.93,218,38.81278538812786
180000714,TIFFANY CREAM 80G COCONUT (*24),8406.0,12675.0,250172.34,64,92.37362637362638
7006,PAPIA 9 ROLLS*6,8323.66,8868.66,700236.21,42,198.18238095238095
MJTM003,COULIS DE TOMATES VERDE 350G,8249.0,11537.0,53345.79,96,82.49
PPRF008,TRIANGLE EL MEJOR CHEF *16 P GRATUITE,8205.0,8205.0,164167.21,23,341.875
MHCH001,BABY EDAM KROON 0.9,8174.31,8553.29,829846.18,239,33.918298755186726
1000067,TIFFANY CHUNKOS 20G CHOCOLATE(*100),7504.0,7556.0,442261.35,29,187.6
N5004,Molfix 3D UV Maxi 36*4 Twin,7174.0,15453.0,1034103.38,44,163.04545454545453
PPRF039,SLICES IWS EL MEJOR CHEF 24 P (24U),7124.0,7225.0,96164.8,50,137.0
M0005,Molfix CH Diaper Junior 70*2 Mega EG,6762.0,7253.0,1008620.27,41,164.9268292682927
1000793,WAFERS TIFFANY DAY BREAK MAXI 24*12*16G ,6376.18,7219.76,2220134.87,81,54.03542372881356
N5005,Molfix  3D UV Junior 28*4 Twin,6346.0,13695.0,914758.97,47,135.0212765957447
N-1036,MORCELÉS MAQUEREAU HUILE VÉGETALE  1/10 JOLY,6331.0,6331.0,621796.26,57,111.0701754385965
N5006,Molfix 3D UV E.LARGE 22*4 Twin,6050.0,13116.0,872083.3,50,121.0
N-1040,TRIPACK MORCELÉS MAQUEREAU HUILE VÉGETALE  85GR * 3  JOLY,5924.0,5924.0,511125.0,57,103.9298245614035
100720,BREAK TIME 24*12*     MAXI  26GR,5858.05,6441.88,2048274.93,63,63.67445652173913
PPRF015,TRIANGLE BOULE D'OR *96 P,5701.0,5701.0,320973.39,216,26.27188940092166
MVRM003,RICE VERMICELLI 460G,5492.0,6360.0,68874.87,162,33.901234567901234
MIST120,Dabur Miswak Herbal Pure Al-Arak Extract 120+50 gr + BROSSE,5403.96,5706.9800000000005,2409392.27,84,42.2184375
180000716,TIFFANY GOTCHA 30G MILK(*65),4930.0,9684.0,188745.18,49,71.44927536231884
180000717,TIFFANY GOTCHA 30G CHOCOLAT(*65),4801.0,9678.98,183806.39,49,69.57971014492753
N-1004,THON HUILE VÉGÉTALE 1/10 BASSE JOLY,4718.37,4718.37,895578.6,65,72.59030769230769
MFRF001,PROCESSED CHEESE KROON 2KG,4606.0,4608.0,364036.7,178,25.731843575418996
MHCH016,KROON FONDU 907GR,4377.22,4377.22,334404.67,184,23.66064864864865
7008,PAPIA PREMIUM 3PLYS FAC.TIS 550*18,4275.16,5107.16,451979.82,32,133.59875
M0004,MOLFIX CH DIAPER MAXI 80*2 MEGA EG,4158.0,5881.0,616839.3,42,99.0
180000721,TIFFANY OH BOY 33G C&C(*65),3808.0,8489.0,140024.34,29,88.55813953488372
N-1019,"MAQUEREAU FILET SAUCE TOMATE 1/4 JOLY O,F",3713.0,3913.0,1155453.19,62,59.88709677419355
PHCH011,EDAM PORTION KROON 140G,3363.45,3363.45,328379.66000000003,75,44.846
N-1038,TRIPACK MORCELÉS MAQUEREAU HUILE PIMENTÉE 85GR * 3  JOLY,3217.75,3217.75,278117.2,44,73.13068181818181
MHCH013,"GOUDA KROON 4,5KG",3217.32,3224.1,287754.66,188,17.11340425531915
P9003,PERLA FILET MAQUEREAU HUILE VEGETALE 1/4,3066.0,3066.0,872999.92,11,278.72727272727275
N-1037,MORCELÉS MAQUEREAU HUILE PIMENTÉE 1/10 JOLY,3048.0,3048.0,298201.21,33,92.36363636363636
HNB1.0-60,Vatika Henna Hair Colour Natural Black 1.0  - 60 gm,2634.96,3071.45,535731.46,67,27.16453608247423
MRIZ003,RIZ LONG ROZALINA 1KG,2582.0,3065.0,38704.18,101,24.826923076923077
N-5006,DOUBLE CONCENTRÉ DE TOMATE 4/4 DÉLICIA OF-METAL-,2511.0,2511.0,280799.97,48,52.3125
180000720,TIFFANY SWICH-TAG 23G CHOCOLATE(*96),2457.0,4858.0,138477.41,40,46.35849056603774
000066,TIFFANY CHUNKOS 40G CHOCOLATE(*60),2438.0,3524.98,181463.96,34,58.04761904761905
MHCH009,"GOUDA CUMIN KROON 4,5KG",2418.86,2418.86,218075.32,172,14.063139534883721
MIS120,Dabur Miswak Herbal Pure Al-Arak Extract 120+50 gr,2413.41,2512.07,1010416.7,70,24.880515463917526
N-7002,SARDINE HUILE VÉGÉTALE 1/4  JOLY ( EN ETUI),2386.0,2386.0,487902.35000000003,57,41.85964912280702
5000,MLF BABY LOTION WET WIPE 63X12,2370.65,2699.0,142770.02,35,67.73285714285714
N-5001,DOUBLE CONCENTRÉ DE TOMATE 1/12 DÉLICIA OF-METAL-,2364.92,2364.92,164267.6,44,53.74818181818182
N5003,MOLFIX CH DIAPER MIDI 40*4 TWIN MA ,2299.0,2544.0,331391.55,44,52.25
MRIZ001,RIZ ROND ROZALINA 1KG,2268.0,2829.0,31008.329999999998,100,21.807692307692307
V003,RICE VERMICELLE 125G*60PS,2101.17,2718.0,249619.0,29,60.03342857142857
P9005,PERLA THON A H'HUILE VEGETALE 1/4 B ETU,2100.0,2100.0,384768.05,4,525.0
MIST50,Dabur Miswak Herbal Toothpaste with Pure Al-Arak Extract 50+25 gr,2008.32,2265.5699999999997,766854.83,71,21.365106382978723
P9004,PERLA MIETTES DE MAQUEREAU SAUCE TOMATE PIMENTEE 1/4,2000.0,2000.0,363750.01,5,400.0
HNB4-60,Vatika Henna Hair Colour Natural Brown 4 - 60 gm,1958.17,2439.5,397851.89,64,20.83159574468085
N-2001,CONFITURE ABRICOT 240G DÉLICIA,1951.4099999999999,1951.41,132682.05,61,31.990327868852457
7005,PAPIA TOILET PAPER 32*3,1882.0,1914.0,284853.91,30,62.733333333333334
N-7001,SARDINE SAUCE TOMATE 1/4  JOLY ( EN ETUI),1831.0,1831.0,365888.0,58,31.56896551724138
N-5002,DOUBLE CONCENTRÉ DE TOMATE 1/6 DÉLICIA OF-METAL-,1804.58,1804.58,182537.16,38,47.48894736842105
VAL100,Vatika Naturals Almond Enriched Hair oil 100 ml,1770.05,1832.65,527932.98,68,18.06173469387755
N-1017,SARDINE SAUCE TOMATE 1/2 H LI JOLY,1708.0,1708.0,154791.52,29,58.89655172413793
N-1029,THON TRIPACK SAUCE TOMATE 85G*3 JOLY,1638.0,1638.0,307495.46,29,56.48275862068966
N5002,MOLFIX CH DIAPER MINI 50*4 TWIN MA ,1636.0,1909.0,235822.87,40,40.9
P9001,PERLA SARDINE HUILE VEGETALE BOITES NEUTRES ,1600.0,1600.0,304968.01,4,400.0
N-J0001,THON SAUCE TOMATE 1/4 JOLY,1576.75,1576.75,341329.42,31,50.86290322580645
MHCH014,MAASDAM KROON 13KG,1553.29,1553.29,138668.91,72,21.57347222222222
N-1007,THON TRIPACK HUILE VÉGÉTALE 85G*3 JOLY,1514.0,1514.0,284342.94,48,31.541666666666668
N-4001,OLIVES VERTES DÉNOYAUTÉES 4/4 MABROUKA,1502.0,1502.0,105918.0,16,93.875
VCA50,VATIKA NATURALS CACTUS ENRICHED HAIR OIL 50 ML,1462.15,1553.66,493012.68,66,15.554787234042553
N1106,MOLFIX PANTS 3D UV E.LARGE 22X4 TWIN TR-MA,1393.0,1929.0,210825.75,28,49.75
N-1030,TRIPACK THONS SAUCE TOMATE LN 1/10 *3 SANDWICH JOLY,1388.0,1388.0,171182.04,15,92.53333333333333
VCA100,VATIKA NATURALS CACTUS ENRICHED HAIR OIL 100 ML,1375.43,1424.56,395821.07,62,15.45426966292135
VAL50,Vatika Naturals Almond Enriched Hair oil  50 ml,1329.63,1350.8799999999999,445544.71,60,15.642705882352942
710,PAPIA 3PLY WR COMPACT TP6*6 MA 2023,1324.0,1563.0,100014.96,25,52.96
N8002,EVONY MEDIUM 10*6,1320.0,1600.0,233651.54,29,45.51724137931034
PPRF011,TRIANGLES OLAND *16 P,1304.0,1304.0,19072.1,16,81.5
N-4002,OLIVES VERTES DÉNOYAUTÉES 1/2 MABROUKA,1302.92,1302.92,101256.37,22,59.223636363636366
1314,FAMILIA 2 PLY PE FACIAL TISSUE 500*18 MA,1275.51,2277.0,121408.48000000001,12,106.2925
PBER008,BR BOULE D'OR  SOUS VIDE,1267.92,1279.91,97173.43,58,21.490169491525425
VOL100,Vatika Naturals Olive Enriched Hair Oil  100 ml,1223.12,1246.5,351818.74,52,16.755068493150684
N-1027,MAQUEREAU À LA TOMATE ET AUX EPICES  SVN 1/12,1222.42,1222.42,100238.44,21,58.21047619047619
10003,Sardine Marsa a la Sauce Tomate 1/2,1200.0,1200.0,115473.6,2,600.0
VCO100,Vatika Naturals Coconut Enriched Hair oil 100 ml,1153.63,1218.5,331373.89,72,11.771734693877551
PPRF029,TRIANGLE EL BOULE D'OR *96P,1120.0,1120.0,63373.2,79,14.177215189873417
N-7005,SARDINE HUILE PIMENTÉE 1/4  JOLY ( EN ETUI),1099.0,1099.0,236230.05,28,39.25
3001,FROMAGE SLICE FONDIZ 24T         *12P ,1092.0,1092.0,150696.0,6,182.0
3000,TRIANGLE FONDIZ 96          6PS ,1056.0,1056.0,291456.0,6,176.0
VCO50,Vatika Naturals Coconut Enriched Hair oil  50 ml,1055.67,1174.69,355152.03,67,11.351290322580645
P9006,PERLA THON A H'UILE VEGATALE 1/10 BASSE,1050.0,1050.0,167809.95,3,350.0
MTHN001,THON OLAND EN CONSERVE EL BARCO 1.7 KG,976.0,1064.0,95016.5,86,11.348837209302326
N-2008,CONFITURE FRAISE 4/4 DÉLICIA,940.0,940.0,105187.45999999999,29,32.41379310344828
MIS30,Dabur Miswak Herbal Toothpaste with Pure Al-Arak Extract 30+15 gr,866.0,900.0,152696.62,32,22.205128205128204
N-7008,THON SANDWICH À LA SAUCE TOMATE 1/4 JOLY,860.35,860.35,136696.04,35,24.58142857142857
MRIZ002,RIZ MEDIUM ROZALINA 1KG,818.0,1707.0,13124.96,68,11.685714285714285
HERB50,DUBER HERBOLENE ALOE PETROLEUM JELLY ALOE VERA 50ML *48,810.73,1419.62,130363.79000000001,55,11.105890410958905
V001,RICE VERMICELLE 250G*30PS,789.0,1000.0,91160.28,14,46.411764705882355
3006,Portion Boule MGV 100g FONDIZ       40PS ,753.23,753.63,41231.79,8,94.15375
N-3002,PETITS POIS TREMPÉS 4/4 MATT FOOD,752.0,752.0,34385.28,19,39.578947368421055
HNBA4-200,Vatika Henna Hair Colour Natural Brown 4 - 200 gm,711.0,1061.0,181225.73,42,14.8125
PALETTE,PALETTE euro,666.0,745.0,0.0,18,31.714285714285715
DAHO100,Dabur Amla Hair Oil 100 ml,638.16,650.21,160001.65,58,8.508799999999999
P9007,PERLA SARDINE HUILE PIMENTE 1/4 BOITES NEUTRES ,600.0,600.0,118437.01,3,200.0
MKT0015,RAMASSE MONNAIE VIVA,600.0,600.0,10002.0,9,66.66666666666667
N-2007,CONFITURE ABRICOT 4/4 DÉLICIA,594.0,594.0,59400.0,19,31.263157894736842
VS400-A,VATIKA natural shampoo almond & honey dandruff guard 400ML *12,582.37,849.5,84889.27,64,6.617840909090909
HERB115,DUBER HERBOLENE ALOE PETROLEUM JELLY ALOE VERA 115ML *48,575.2,727.33,189860.34,55,7.98888888888889
HDB4.5,Vatika Henna Hair Colour Dark Brown 4.5  - 60 gm,569.92,594.0,112822.44,45,9.998596491228069
VS400-H,VATIKA naturals hair fall control shampoo cactus & gergir 400ml *12,558.5,705.42,83217.67,56,7.446666666666666
VS400-D,VATIKA naturals dandruff guard shampoo lemon &yoghurt 400ML *12,551.67,725.17,82225.74,57,7.258815789473684
VS400-O,VATIKA natural shampoo olive & henna nourish & protecte 400ML *12,550.0,705.0,81675.39,55,7.534246575342466
N-7010,TRIPACK THON SAUCE TOMATE *30PCS,528.8,528.8,242951.22000000003,52,10.169230769230769
VS400-E,VATIKA natural shampo honey& egg repaire& restore 400 ML *12,510.5,701.91,76226.11,57,6.806666666666667
ND0060,CONFITURE FIGUE 450G DÉLICIA,500.0,500.0,53955.0,7,71.42857142857143
VS100-H,VATIKA naturals hair fall control shampoo catus & gergir 100ml *48,492.39,1129.3700000000001,94808.95,44,8.79267857142857
N-1032,THON SANDWICH À LA SAUCE TOMATE 1/10 JOLY,488.96000000000004,488.96,64552.88,26,18.806153846153848
HNB1.0-200,Vatika Henna Hair Colour Natural Black 1.0  - 200 gm,487.74,804.0,121369.48,56,7.390000000000001
VS100-D,VATIKA naturals dandruff guard shampoo lemon & yughurt 100ml *48,466.24,598.02,89588.67,45,8.47709090909091
N1105,MOLFIX PANTS JUNIOR  28X4 TWIN MA,463.0,811.0,74572.86,14,33.07142857142857
MISCHAR120,Dabur Miswak Super Whitening Toothpaste Activated charcol,456.33,472.34,163061.1,43,7.6055
MISCLOVE120,Dabur Miswak Expert Cavity Protection Toothpaste clove ,456.24,510.15999999999997,166746.74,42,7.8662068965517244
N-4000,OLIVES VERTES DÉNOYAUTÉES 5/1  MABROUKA,450.0,450.0,72475.0,13,34.61538461538461
N6006,MOLFIX 3D UV E.LARGE 34*3 JUMBO MA,438.0,501.0,72174.04,27,16.22222222222222
N-1028,THON SAUCE TOMATE 1/10 BASSE JOLY,437.92,437.92,83888.62,23,19.04
VCA200,VATIKA NATURALS CACTUS ENRICHED HAIR OIL 200 ML,437.52,816.06,175464.28,58,5.682077922077922
VAL200,Vatika Naturals Almond Enriched Hair oil 200 ML,425.03,602.49,170563.96,55,5.667066666666666
N-3003,PETITS POIS TREMPÉS 1/2 H MATT FOOD,416.0,616.0,22660.0,11,37.81818181818182
VS100-N,VATIKA naturals nourish & protect shampoo olive & henna 100ml *48,411.42,1597.0900000000001,81854.71,44,7.762641509433963
N6005,Molfix 7/24 Junior 44*3 Jumbo,407.0,500.0,67069.43,24,16.958333333333332
10002,Sardine Marsa a la sauce tomate 125g ,400.0,400.0,85140.0,3,133.33333333333334
N6004,MOLFIX 3D UV MAXI 56*3 JUMBO MA,387.0,515.0,63771.39,23,16.82608695652174
3004,BOUL FONDIZ    6PS ,386.07,386.07,21311.06,6,64.345
MKT0016,BATTEUR ELECTRIQUE A MAIN ,385.0,386.0,0.0,24,14.807692307692308
N-1002,THON HUILE VÉGETALE AU CITRON 1/4 JOLY,384.0,384.0,83838.72,10,38.4
VOL200,VATIKA NATURALS OLIVE ENRICHED HAIR OIL  200 ML,361.5,682.0,144544.92,53,5.164285714285715
N-7006,THON HUILE VÉGETALE AU CITRON 1/10 JOLY,358.0,358.0,68736.0,16,22.375
N-1039,TRIPACK MORCELÉS MAQUEREAU À LA PROVENCALE 85GR * 3  JOLY,354.87,354.87,30873.690000000002,17,20.87470588235294
VCO200,VATIKA NATURALS COCONUT ENRICHED HAIR OIL  200 ML,352.67,480.0,141297.9,53,5.038142857142858
N-7009,SARDINE HUILE VEGETALE ET AU CITRON 1/4  JOLY ( EN ETUI),335.0,335.0,72008.25,15,22.333333333333332
N-7012,THON NATUREL 1/4 JOLY,333.95,333.95,72365.85,36,9.276388888888889
ND0059,CONFITURE FIGUE 240G DÉLICIA,310.0,310.0,19948.5,4,77.5
10004,Thon entier Garcia a l'huile végétale 125g ,300.0,300.0,64350.0,2,150.0
10006,Thon Entier Garcia a l'huile végétale 1.7kg  *3U,300.0,300.0,92812.5,3,100.0
VAR200,Vatika Naturals Argan Enriched Hair oil 200 ml,295.5,589.0,118161.11,45,4.925
N-1042,"MAQUEREAU À LA PROVENÇALE 1/4 JOLY O,F",294.15,294.15,31621.13,15,19.61
N-1034,THON TRIPACK  HUILE VÉGETALE AU CITRON 85G*3 JOLY,290.0,290.0,54810.0,18,16.11111111111111
DAHO200,Dabur Amla Hair Oil 200 ml,280.17,280.17,93744.55,31,7.183846153846154
N-1035,THON TRIPACK NATUREL 85G*3  JOLY,276.0,276.0,51880.5,32,8.625
HDB4.5-200,Vatika Henna Hair Colour dark brown 4.5  - 200 gm,268.75,360.59000000000003,68132.32,46,4.976851851851852
HBB1.1,Vatika Henna Hair Colour Blue Black 1.1   - 60 gm,266.92,353.0,55132.83,37,5.802608695652174
V002,RICE VERMICELLE 460G*24PS,266.0,460.0,45677.020000000004,14,16.625
VGA20,VATIKA NATURALS GARLIC ENRICHED HAIR OIL 200 ML,263.5,562.0,102888.48,43,4.705357142857143
VBS200,VATIKA NATURALS BLACK SEED ENRICHED HAIR OIL 200 ML,256.5,495.0,104115.29,41,4.839622641509434
7003,PAPIA TOILET PAPER 24*3,244.0,257.0,29990.82,14,17.428571428571427
ND0061,CONFITURE FIGUE 900G DÉLICIA,232.0,232.0,18374.4,2,116.0
MKT0014,PACK LAMACOM,227.0,227.0,0.0,18,12.61111111111111
N-7007,THON NATUREL 1/10 JOLY,207.0,207.0,39552.0,25,8.28
N-T0001,THON HUILE D'OLIVE 1/4 JOLY,206.0,206.0,54873.729999999996,29,7.103448275862069
DAGHO200,Dabur Amla Gold Hair Oil 200 ml,202.83,209.0,68602.97,42,3.826981132075472
N-5008,DOUBLE CONCENTRÉ DE TOMATE 4/4 MABROUKA,200.0,200.0,18810.0,2,100.0
N-4005,OLIVE NOIRES ENTIERS 5/1 MABROUKA ,200.0,200.0,29700.0,2,100.0
HMO5.5,Vatika Henna Hair Colour Mahogany 5.5   - 60 gm,199.92000000000002,356.5,40911.88,34,4.8760975609756105
HP3.16,Vatika Henna Hair Colour Plum 3.16   - 60 gm,182.92000000000002,340.75,36962.41,30,4.813684210526316
PPRF013,TRIANGLES BOULE D'Or * 64 P,170.0,170.0,6560.63,5,34.0
HBU3.6,Vatika Henna Hair Colour Burgundy 3.6    - 60 gm,165.92,358.3,45505.55,29,4.88
709,PAPIA 3PLY CLASSIC K.TOWEL 2*10 MA 2023,142.5,525.5,8935.039999999999,15,9.5
DMJHO200,Dabur Amla Jasmine Hair Oil 200 ml,140.5,181.61,46830.2,32,3.6973684210526314
N-NV0N4601,OLIVES NOIRES DENOYAUTEES A/10 SESTA *3PCS,140.0,140.0,15750.0,7,20.0
DAKD-200,DUBER AMLA KIDS NOURISHING DETANGLER 200 ML *24,131.28,143.6,42314.09,47,2.386909090909091
DAKS-200,DUBER AMLA KIDS NOURISHING SHAMPOO 200 ML *24,129.45,140.82,37134.82,43,2.4894230769230767
MKT0019,CHAISE EN PLASTIQUE BRANDE VIVA,108.0,108.0,0.0,7,15.428571428571429
OLNPAL,PALETTE OLAND,108.0,115.0,8640.0,26,4.153846153846154
7004,PAPIA 3 PLY WR TOILET PAPER 12*3,100.0,100.0,6276.0,4,25.0
MKT0020,PARE SOLEIL BRANDE VIVA,100.0,100.0,0.0,4,25.0
10001,Filet de maquereau Marsa huile végétale 125g,100.0,100.0,30937.5,2,50.0
PALETTE_N,PALETTE Normal,97.0,97.0,0.0,15,5.388888888888889
3003,MOZZARELLA FONDIZ 1KG          10PS ,96.0,96.0,37536.0,9,10.666666666666666
N-4004,OLIVES NOIRE RONDELLE 5/1 MABROUKA,92.33,92.33,13849.5,12,7.694166666666667
N6002,MOLFIX 3D UV MINI 76X3 JUMBO MA,89.0,508.0,14666.01,16,5.5625
DAKH-200,DUBER AMLA KIDS NOURISHING HAIR OIL 200 ML *24,81.61,82.67999999999999,28350.04,31,2.2056756756756757
N-7011,FILET DE MAQUEREAU AU NATUREL 125GR,80.0,80.0,23166.4,11,7.2727272727272725
3002,MOZZARELLA FONDIZ 200KG         48PS ,71.99,72.0,29152.340000000004,10,7.199
N-1044,FILET DE THON HUILE DE TOURNESOL 125GR LN JOLY 50u,70.0,70.0,39958.8,9,7.777777777777778
DER003,Dermoviva SKIN Superfood True rediance Face Wash Turmeric 150ml,63.36,67.47999999999999,30046.35,28,1.7124324324324325
N-1041,MORCELÉS MAQUEREAU À LA PROVENCALE 1/10 JOLY,62.0,62.0,6014.0,14,4.428571428571429
PPRF010,TRIANGLE EL MEJOR CHEF 64P,55.0,55.0,1966.25,3,18.333333333333332
MKT0018,PARASOL BRANDE VIVA,52.0,52.0,0.0,7,7.428571428571429
MKT0017,TABLE EN PLASTIQUE BRANDE VIVA,52.0,52.0,0.0,7,7.428571428571429
N-1033,THON SANDWICH À LA SAUCE TOMATE PIMENTÉE 1/10 JOLY,52.0,52.0,6916.0,16,3.25
N-4010,OLIVES NOIRES ENTIÈRES 5/1 SESTA,50.0,50.0,7500.0,6,8.333333333333334
HOC500,Vatika Naturals Hot Oil Treatment Hair Fall Control Cactus & Garlic 5,47.0,51.42,12849.65,31,1.236842105263158
3007,Ketchup 12% Fondiz Bidon 2.1 kg     6PS ,45.0,45.0,4036.5,7,6.428571428571429
3005,SAUCE MAYONAISE FONDIZ 1.95KG     6PS ,45.0,45.0,6155.1,5,9.0
N-1003,PETIT MAQUEREAU ENTIER SAUCE TOMATE 125 GR LN OF SAMAKI,44.0,0.0,7333.48,1,44.0
HOG500,Vatika Naturals Hot Oil Treatment Garlic 500 gm,42.5,49.0,11676.949999999999,29,1.2142857142857142
HOA500,Vatika Naturals Hot Oil Treatment Argan 500 gm,40.38,50.05,10718.14,29,1.0913513513513515
HOA505,Vatika Naturals Hot Oil & Thickness Coconut & castor 500,40.0,49.0,10749.9,29,1.1428571428571428
HOD500,Vatika  Naturals Hot Oil Treatment Deep Conditioning Olive & Almond 5,39.5,50.0,10483.84,29,1.0972222222222223
HOE500,Vatika Naturals Hot Oil Treatment Egg Protien 500 gm,37.0,50.0,9858.59,27,1.088235294117647
HON500,Vatika Naturals Hot Oil Treatment Intensive Nourishment Honey & egg  ,36.0,49.0,9819.08,24,1.2
HOA506,Vatika Naturals Hot Oil Treatment  Black seed  500 gm,33.5,43.0,9091.429999999998,26,1.0151515151515151
DER002,DermoViva Skin Superfood Moisturizing  Face Wash Avocado 150ml,30.0,33.0,12376.900000000001,10,2.142857142857143
HERB225_COCONUT,Herbolene Petroleum Jelly-Coconut 225ml,29.0,65.0,0.0,9,2.6363636363636362
HERB225_ALOEVERA,Dabur Herbolene Aloe Petroleum Jelly Aloe Vera 225ml,29.0,65.0,0.0,10,2.4166666666666665
HERB225_ARGAN,Dabur Herbolene Argan 225ml,29.0,64.0,0.0,10,2.4166666666666665
PPRF003,BLOC FUNDIDO EL MEJOR 1.8KG,28.0,28.0,2230.0699999999997,8,3.5
HERB225_COCOA,Dabur Herbolene Cocoa Butter 225ml,28.0,65.0,0.0,10,2.3333333333333335
N-2009,CONFITURE  MYRTILLES 21CL DELICIA,27.0,27.0,2187.0,12,2.25
MISG250,Dabur Miswak Germ Kill Mouthwash 250 ml,26.75,26.75,7577.110000000001,13,1.7833333333333334
MISF250,Dabur Miswak Mint Fresh Mouthwash 250 ml,26.64,26.88,7779.99,16,1.48
N-1009,"MAQUEREAU HUILE VÉGÉTALE 1,7 KG JOLY",24.0,24.0,4320.0,5,4.8
N-2010,CONFITURE  MYRTILLES 37CL DELICIA,22.0,22.0,3135.0,11,2.0
VNDA180,Vatika Naturals Anti- Breakage Conditioner Moroccan Argan 180 ml,20.0,29.0,4628.28,14,1.1764705882352942
MKT0021,GILET JAUNE BRANDE VIVA,20.0,20.0,0.0,3,6.666666666666667
VNDE180,Vatika Naturals Nourishing Protein Conditioner Egg Protein 180 ml,19.13,29.0,4409.9,14,1.1252941176470588
VNDC180,Vatika Naturals Volume & Thickness Conditioner Coconut & Castor  180 ,19.0,29.0,4376.86,14,1.1176470588235294
N-2015,CONFITURE  FRAMBOISE 37CL DELICIA,18.92,18.92,2696.1,8,2.365
N-5007,DOUBLE CONCENTRÉ DE TOMATE 90G DÉLICIA-VERRE-,18.42,18.42,802.48,6,3.0700000000000003
VNDG180,Vatika Naturals Naturals Hair Growth Conditioner Spanish Garlic 180 m,18.04,29.0,4134.98,13,1.1275
DER004,Dermoviva Skin Superfood Oil Control Face Wash–Green Tea ,18.0,28.0,0.0,5,3.0
VNDH180,Vatika Naturals Henna Conditioning Conditioner Indian Henna 180 ml,17.0,24.0,3851.2,11,1.2142857142857142
AQUAFINA,AQUAFINA ,13.0,0.0,0.0,1,13.0
5001,FAMILIA LET WIPE 90X18 MINERAL_NEW ,10.0,50.0,1057.16,2,5.0
HCTC140,Vatika Naturals Volume & Thickness Styling Hair Cream -Tropical Cocon,10.0,10.0,0.0,4,2.0
HCNP140,Vatika Hair CreamNourish & Protect 140 ml Olive & Henna ,6.0,6.0,0.0,4,1.2
HCEN140,Vatika Hair Cream Exit Moisturising 140ml Almond  ,6.0,6.0,0.0,4,1.2
HCBS140,Vatika Hair Cream-Black Seed 140ml,6.0,6.0,0.0,4,1.2
HCFC140,Vatika Hair Cream Hair Fall Control 140 ml Cactus & Ghergir ,6.0,6.0,0.0,4,1.2
GELSH250ML,Vatika Hair gel Strong Hold  250 ml,6.0,6.0,0.0,4,1.2
GELWL250ML,Vatika Hair Gel Wet Look 250 ml,6.0,6.0,0.0,4,1.2
GELEH250ML,Vatika Hair gel Extreme Hold-250 ml,6.0,6.0,0.0,4,1.2
HCAN140,Vatika Hair Cream Anti dandruff 140 ml,6.0,6.0,0.0,4,1.2
HCNR140,Vatika Naturals Repair & Restore Styling Hair Cream -Honey & Castor ,5.05,7.05,0.0,4,1.01
HCAR140,Vatika Hair Cream - Argan 140ml,5.0,5.95,0.0,3,1.25
TV_DABUR,SAMSUNG HD TV 32,5.0,5.0,0.0,6,0.8333333333333334
VNDB180,Vatika Conditioner Hair Fall Control  180ml,5.0,7.0,0.0,4,1.0
N-2013,CONFITURE ABRICOT 66 CL DELICES DU SUD,1.0,1.0,75.33,1,1.0
N-5010,DOUBLE CONCENTRÉ DE TOMATE 1/12  MABROUKA,1.0,0.0,64.0,1,1.0
N1108,MOLFIX SWIMMING PANT 4&5 11*12,0.0,20.0,0.0,1,0.0
DER001,DERMOVIVA FACE WASH NUTRIENT DENSE POMEGRANATE 150ML*24,0.0,2.0,0.0,1,0.0
