AR_Ref,AR_Design,jours_avant_rupture,jours_estimes,StockFinal,rolling_mean_7
10000721,WAFERS Based Tiffany  Breaksta 24*12 MAXI 26gr,9.0,11.0,2.08,0.2314285714285714
1000589,WAFER PICCADELI ROXTA 12*24*20G,36.9,37.3,421.16,11.428571428571429
1000591,WAFERS BARS TIFFANY TEAM UP 12*24*20G,2.5,2.4,2.5,1.0
1000634,TIFFANY BREAK TIME 12*24*13G,107.6,106.5,769.9200000000001,7.154285714285714
1000664,WAFER TIFFANY BREAK 12*24*12.5G,313.3,295.5,895.16,2.857142857142857
1000723,TIFFANY BREAKSTA 12*24*13G,160.7,161.7,1147.91,7.142857142857143
1000724,PICCADELI BRIO 12*24*20G ,271.2,275.6,426.16,1.5714285714285714
1000793,WAFERS TIFFANY DAY BREAK MAXI 24*12*16G ,98.4,96.7,843.5799999999999,8.571428571428571
100719,PICCADELI COMBO 12*24*17GR ,196.9,169.0,2.25,0.0114285714285714
100720,BREAK TIME 24*12*     MAXI  26GR,140.9,143.4,583.83,4.142857142857143
100721,Wafers Based Tiffany Break 24*12 MAXI 26gr             ,160.3,161.3,3434.5,21.428571428571427
180000713,TIFANY CREAM 80G CHOCOLATE(*24),201.1,208.7,4424.0,22.0
180000714,TIFFANY CREAM 80G COCONUT (*24),365.0,365.0,4269.0,7.142857142857143
180000715,TIFFANY CREAM 80G VANILLA(*24),365.0,361.7,3849.0,7.142857142857143
180000716,TIFFANY GOTCHA 30G MILK(*65),365.0,364.8,4754.0,1.4285714285714286
180000717,TIFFANY GOTCHA 30G CHOCOLAT(*65),365.0,364.8,4877.98,1.4285714285714286
180000720,TIFFANY SWICH-TAG 23G CHOCOLATE(*96),365.0,364.8,2401.0,1.4285714285714286
7006,PAPIA 9 ROLLS*6,19.1,20.4,545.0,28.571428571428573
DAGHO200,Dabur Amla Gold Hair Oil 200 ml,6.2,7.1,6.17,1.0
DAHO100,Dabur Amla Hair Oil 100 ml,28.1,26.1,12.05,0.4285714285714285
DAKD-200,DUBER AMLA KIDS NOURISHING DETANGLER 200 ML *24,86.2,76.9,12.32,0.1428571428571428
DAKS-200,DUBER AMLA KIDS NOURISHING SHAMPOO 200 ML *24,79.6,70.9,11.37,0.1428571428571428
HBB1.1,Vatika Henna Hair Colour Blue Black 1.1   - 60 gm,150.6,144.2,86.08,0.5714285714285714
HDB4.5,Vatika Henna Hair Colour Dark Brown 4.5  - 60 gm,84.3,80.7,24.08,0.2857142857142857
HDB4.5-200,Vatika Henna Hair Colour dark brown 4.5  - 200 gm,107.1,109.2,91.84,0.8571428571428571
HERB115,DUBER HERBOLENE ALOE PETROLEUM JELLY ALOE VERA 115ML *48,365.0,365.0,152.13,0.1428571428571428
HERB50,DUBER HERBOLENE ALOE PETROLEUM JELLY ALOE VERA 50ML *48,213.1,208.2,608.89,2.857142857142857
HMO5.5,Vatika Henna Hair Colour Mahogany 5.5   - 60 gm,156.6,164.9,156.57999999999998,1.0
HNB1.0-200,Vatika Henna Hair Colour Natural Black 1.0  - 200 gm,365.0,356.7,316.26,0.8571428571428571
HNB1.0-60,Vatika Henna Hair Colour Natural Black 1.0  - 60 gm,365.0,365.0,436.49,0.7142857142857143
HNB4-60,Vatika Henna Hair Colour Natural Brown 4 - 60 gm,365.0,364.1,481.33,1.2857142857142858
HNBA4-200,Vatika Henna Hair Colour Natural Brown 4 - 200 gm,365.0,359.0,350.0,0.8571428571428571
M0004,MOLFIX CH DIAPER MAXI 80*2 MEGA EG,150.8,158.1,1723.0,11.428571428571429
M0005,Molfix CH Diaper Junior 70*2 Mega EG,28.6,28.8,491.0,17.142857142857142
MFRF001,PROCESSED CHEESE KROON 2KG,0.6,0.6,2.0,3.428571428571433
MHCH001,BABY EDAM KROON 0.9,365.0,363.0,378.98,0.75
MHCH003,"EDAM KROON 1,7 KG",365.0,365.0,5085.54,0.4785714285715585
MHCH009,"GOUDA CUMIN KROON 4,5KG",0.0,0.0,0.0,7.801428571428572
MHCH013,"GOUDA KROON 4,5KG",0.5,0.5,6.78,13.565714285714284
MHCH014,MAASDAM KROON 13KG,0.0,0.0,0.0,18.564285714285717
MHCH016,KROON FONDU 907GR,0.0,0.0,0.0,0.9071428571428573
MIS120,Dabur Miswak Herbal Pure Al-Arak Extract 120+50 gr,49.3,48.6,98.66,2.0
MIS30,Dabur Miswak Herbal Toothpaste with Pure Al-Arak Extract 30+15 gr,59.5,60.9,34.0,0.5714285714285714
MISCHAR120,Dabur Miswak Super Whitening Toothpaste Activated charcol,112.1,114.0,16.009999999999998,0.1428571428571428
MISCLOVE120,Dabur Miswak Expert Cavity Protection Toothpaste clove ,188.7,192.4,53.92,0.2857142857142857
MIST120,Dabur Miswak Herbal Pure Al-Arak Extract 120+50 gr + BROSSE,124.8,119.1,303.02,2.4285714285714284
MIST50,Dabur Miswak Herbal Toothpaste with Pure Al-Arak Extract 50+25 gr,257.2,258.4,257.25,1.0
MJTM002,COULIS DE TOMATES VERDE 110GR,41.8,42.1,179.0,4.285714285714286
MJTM003,COULIS DE TOMATES VERDE 350G,365.0,364.8,3288.0,2.0
MKT0010,CARTE RECHARGE 5 DHS,5.1,5.3,22.0,4.285714285714286
MRIZ001,RIZ ROND ROZALINA 1KG,365.0,365.0,561.0,0.2857142857142857
MRIZ002,RIZ MEDIUM ROZALINA 1KG,113.1,115.5,889.0,7.857142857142857
MRIZ003,RIZ LONG ROZALINA 1KG,365.0,365.0,483.0,0.1428571428571428
MRIZ004,RIZ ETUVE ROZALINA 1KG,301.4,312.4,775.0,2.571428571428572
MTHN001,THON OLAND EN CONSERVE EL BARCO 1.7 KG,51.3,52.8,88.0,1.7142857142857142
MVRM001,RICE VERMICELLI 125G,170.2,165.9,2188.0,12.857142857142858
MVRM002,RICE VERMICELLI 250G,51.7,52.3,443.0,8.571428571428571
MVRM003,RICE VERMICELLI 460G,365.0,345.8,868.0,2.2857142857142856
N-1001,THON HUILE VÉGÉTALE 1/4 JOLY,0.0,0.0,0.0,37.142857142857146
N-1004,THON HUILE VÉGÉTALE 1/10 BASSE JOLY,0.0,0.0,0.0,84.0
N-1007,THON TRIPACK HUILE VÉGÉTALE 85G*3 JOLY,0.0,0.0,0.0,37.142857142857146
N-1011,MAQUEREAU ST + PIM   SVN 115 GR,0.0,0.0,0.0,20.0
N-1019,"MAQUEREAU FILET SAUCE TOMATE 1/4 JOLY O,F",0.0,0.0,0.0,1.2857142857142858
N-1036,MORCELÉS MAQUEREAU HUILE VÉGETALE  1/10 JOLY,0.0,0.0,0.0,51.142857142857125
N-1038,TRIPACK MORCELÉS MAQUEREAU HUILE PIMENTÉE 85GR * 3  JOLY,0.0,0.0,0.0,25.714285714285715
N-1040,TRIPACK MORCELÉS MAQUEREAU HUILE VÉGETALE  85GR * 3  JOLY,0.0,0.0,0.0,5.79
N-2001,CONFITURE ABRICOT 240G DÉLICIA,0.0,0.0,0.0,38.57142857142857
N-2002,CONFITURE ABRICOT 450G DÉLICIA,0.0,0.0,0.0,42.83142857142857
N-2003,CONFITURE ABRICOT 900G DÉLICIA,365.0,365.0,927.0,0.1428571428571428
N-2004,CONFITURE FRAISE 240G DÉLICIA,0.0,0.0,0.0,60.0
N-2005,CONFITURE FRAISE 450G DÉLICIA,0.0,0.0,0.0,60.0
N-2006,CONFITURE FRAISE 900G DÉLICIA,0.0,0.0,0.0,18.52285714285714
N-5001,DOUBLE CONCENTRÉ DE TOMATE 1/12 DÉLICIA OF-METAL-,0.0,0.0,0.0,14.857142857142858
N-5002,DOUBLE CONCENTRÉ DE TOMATE 1/6 DÉLICIA OF-METAL-,0.0,0.0,0.0,0.4285714285714285
N-5003,CONCENTRÉ TOMATE 21CL  DELICIA*12PCS,0.0,0.0,0.0,10.18142857142857
N-5004,DOUBLE CONCENTRÉ DE TOMATE 37CL DÉLICIA-VERRE-,0.0,0.0,0.0,137.7357142857143
N-5005,DOUBLE CONCENTRÉ DE TOMATE 72CL DÉLICIA-VERRE-,0.0,0.0,0.0,99.42857142857144
N-5006,DOUBLE CONCENTRÉ DE TOMATE 4/4 DÉLICIA OF-METAL-,0.0,0.0,0.0,1.1428571428571428
N-7001,SARDINE SAUCE TOMATE 1/4  JOLY ( EN ETUI),0.0,0.0,0.0,0.5714285714285714
N-7002,SARDINE HUILE VÉGÉTALE 1/4  JOLY ( EN ETUI),0.0,0.0,0.0,10.142857142857142
N-7004,MAQUEREAU FILET HUILE VÉGÉTALE 1/4 JOLY SOUS ÉTUI,3.0,3.1,106.15,35.26428571428571
N-7010,TRIPACK THON SAUCE TOMATE *30PCS,0.0,0.0,0.0,0.4285714285714285
N-7012,THON NATUREL 1/4 JOLY,0.0,0.0,0.0,5.714285714285714
N5002,MOLFIX CH DIAPER MINI 50*4 TWIN MA ,7.6,7.4,273.0,35.714285714285715
N5003,MOLFIX CH DIAPER MIDI 40*4 TWIN MA ,17.2,17.3,245.0,14.285714285714286
N5004,Molfix 3D UV Maxi 36*4 Twin,193.2,193.8,8279.0,42.85714285714285
N5005,Molfix  3D UV Junior 28*4 Twin,171.5,172.6,7349.0,42.85714285714285
N5006,Molfix 3D UV E.LARGE 22*4 Twin,98.9,101.7,7066.0,71.42857142857143
N8003,EVONY ADULT DIAPER LARGE 10*6 MA,24.5,25.1,350.0,14.285714285714286
PBER008,BR BOULE D'OR  SOUS VIDE,2.1,2.2,11.99,5.714285714285714
PFRF001,SLICE IWS BOULE D'OR CHEDDAR 12P,0.0,0.0,0.0,2.857142857142857
PFRF002,SLICE IWS BOULE D'OR EMMENTAL 12P,0.0,0.0,0.0,6.428571428571429
PFRF003,SLICE IWS BO MOZZARELLA 12P,0.0,0.0,0.0,6.142857142857143
PHCH011,EDAM PORTION KROON 140G,0.0,0.0,0.0,0.1314285714285714
PHCH026,EDAM PORTION BABY KROON 100G ,365.0,364.8,15188.0,1.2857142857142858
PPRF004,SLICE IWS EL MEJOR CHEF 24P,0.0,0.0,0.0,36.0
PPRF006,SLICE IWS OLAND 24P,0.0,0.0,0.0,52.142857142857146
PPRF007,TRIANGLE EL MEJOR CHEF 96P 16,0.0,0.0,0.0,240.0
PPRF015,TRIANGLE BOULE D'OR *96 P,0.0,0.0,0.0,1.8571428571428568
PPRF028,TRIANGLE EL MEJOR CHEF 96P 24,0.0,0.0,0.0,5.285714285714286
PPRF029,TRIANGLE EL BOULE D'OR *96P,0.0,0.0,0.0,7.857142857142857
PPRF038,SLICE IWS OLAND 24P (24U),0.0,0.0,0.0,3.4285714285714284
PPRF039,SLICES IWS EL MEJOR CHEF 24 P (24U),353.5,351.0,101.0,0.2857142857142857
PPRF045,Triangles Original VIVA  96P      16,365.0,365.0,2918.01,0.1428571428571591
PPRF046,Triangles Original VIVA  96P      24,293.5,269.4,1621.18,5.522857142857142
PPRF047,SLICE IWS VIVA CHEDDAR 24P (12U),40.0,40.4,2917.0,72.85714285714286
PPRF049,VIVA ORIGINAL 16P GRATUITE,3.9,3.9,95.67,24.714285714285715
PPRF050,SLICE IWS VIVA SP BURGER 24P (12U),39.8,40.1,2047.46,51.42857142857143
PPRF054,TRIANGLE VIVA 3 FROMAGES 88P,123.4,122.3,1409.83,11.428571428571429
VAL100,Vatika Naturals Almond Enriched Hair oil 100 ml,109.6,110.5,62.6,0.5714285714285714
VAL200,Vatika Naturals Almond Enriched Hair oil 200 ML,365.0,365.0,177.46,0.1428571428571428
VAL50,Vatika Naturals Almond Enriched Hair oil  50 ml,148.8,153.8,21.25,0.1428571428571428
VAR200,Vatika Naturals Argan Enriched Hair oil 200 ml,365.0,365.0,293.5,0.1428571428571428
VBS200,VATIKA NATURALS BLACK SEED ENRICHED HAIR OIL 200 ML,365.0,365.0,238.5,0.4285714285714285
VCA100,VATIKA NATURALS CACTUS ENRICHED HAIR OIL 100 ML,172.0,168.9,49.13,0.2857142857142857
VCA200,VATIKA NATURALS CACTUS ENRICHED HAIR OIL 200 ML,365.0,365.0,378.54,0.2857142857142857
VCA50,VATIKA NATURALS CACTUS ENRICHED HAIR OIL 50 ML,213.5,210.6,91.51,0.4285714285714285
VCO100,Vatika Naturals Coconut Enriched Hair oil 100 ml,227.0,230.3,64.87,0.2857142857142857
VCO200,VATIKA NATURALS COCONUT ENRICHED HAIR OIL  200 ML,297.1,298.6,127.33,0.4285714285714285
VCO50,Vatika Naturals Coconut Enriched Hair oil  50 ml,92.6,91.9,119.02,1.2857142857142858
VGA20,VATIKA NATURALS GARLIC ENRICHED HAIR OIL 200 ML,365.0,365.0,298.5,0.4285714285714285
VOL100,Vatika Naturals Olive Enriched Hair Oil  100 ml,163.7,192.5,23.38,0.1428571428571428
VOL200,VATIKA NATURALS OLIVE ENRICHED HAIR OIL  200 ML,365.0,365.0,320.5,0.2857142857142857
VS100-D,VATIKA naturals dandruff guard shampoo lemon & yughurt 100ml *48,307.5,307.3,131.78,0.4285714285714285
VS100-H,VATIKA naturals hair fall control shampoo catus & gergir 100ml *48,365.0,365.0,636.98,0.2857142857142857
VS100-N,VATIKA naturals nourish & protect shampoo olive & henna 100ml *48,365.0,365.0,1185.67,0.4285714285714285
VS400-A,VATIKA natural shampoo almond & honey dandruff guard 400ML *12,365.0,360.9,267.13,0.7142857142857143
VS400-D,VATIKA naturals dandruff guard shampoo lemon &yoghurt 400ML *12,242.9,234.9,173.5,0.7142857142857143
VS400-E,VATIKA natural shampo honey& egg repaire& restore 400 ML *12,268.0,274.1,191.41,0.7142857142857143
VS400-H,VATIKA naturals hair fall control shampoo cactus & gergir 400ml *12,205.7,206.8,146.92000000000002,0.7142857142857143
VS400-O,VATIKA natural shampoo olive & henna nourish & protecte 400ML *12,217.0,219.0,155.0,0.7142857142857143
VS6ML,Vatika Shampoo Nourish & Protect -6ml,365.0,365.0,17662.7,0.7142857142857143
